document_id,file_name,document_type,source,subject,topic,language,chunks_count,checksum,created_at
"DOC-0001","BPSC_Mains_Syllabus_Overview.md","syllabus","syllabus","Polity & Governance","N/A","English",5,"N/A","2026-09-08T12:08:43.113089+00:00"
"DOC-0002","keec101.pdf","ncert","ncert","economics","N/A","English",93,"N/A","2026-09-08T13:10:58.316373+00:00"
"DOC-0003","ncert-class-7-social-science-book-pdf-our-environment.pdf","ncert","ncert","geography","N/A","English",461,"N/A","2026-09-08T13:49:46.801695+00:00"
"DOC-0004","01_Old_NCERT_Medieval_India.pdf","ncert","ncert","history","N/A","English",33,"N/A","2026-09-08T13:52:44.276892+00:00"
"DOC-0005","ncert-class-10-social-science-book-pdf-geography.pdf","ncert","ncert","geography","N/A","English",1059,"N/A","2026-09-08T13:29:41.525403+00:00"
"DOC-0006","keec102.pdf","ncert","ncert","economics","N/A","English",168,"N/A","2026-09-08T13:11:19.729972+00:00"
"DOC-0007","keec103.pdf","ncert","ncert","economics","N/A","English",144,"N/A","2026-09-08T13:11:59.730896+00:00"
"DOC-0008","ncert-class-9-social-science-book-pdf-contemporary-india-book.pdf","ncert","ncert","geography","N/A","English",891,"N/A","2026-09-08T14:16:00.738573+00:00"
"DOC-0009","keec107.pdf","ncert","ncert","economics","N/A","English",123,"N/A","2026-09-08T13:14:32.589574+00:00"
"DOC-0010","keec104.pdf","ncert","ncert","economics","N/A","English",114,"N/A","2026-09-08T13:12:25.15543+00:00"
"DOC-0011","keec105.pdf","ncert","ncert","economics","N/A","English",123,"N/A","2026-09-08T13:13:09.906652+00:00"
"DOC-0012","keec106.pdf","ncert","ncert","economics","N/A","English",156,"N/A","2026-09-08T13:13:35.353187+00:00"
"DOC-0013","keec108.pdf","ncert","ncert","economics","N/A","English",120,"N/A","2026-09-08T13:14:33.460334+00:00"
"DOC-0014","keec1gl.pdf","ncert","ncert","economics","N/A","English",78,"N/A","2026-09-08T13:14:57.35663+00:00"
"DOC-0015","keec1ps.pdf","ncert","ncert","economics","N/A","English",78,"N/A","2026-09-08T13:15:13.294742+00:00"
"DOC-0016","ncert-class-10-social-science-book-pdf-economics.pdf","ncert","ncert","economics","N/A","English",687,"N/A","2026-09-08T13:15:29.749748+00:00"
"DOC-0017","ncert-class-8-social-science-book-pdf-resource-and-development.pdf","ncert","ncert","geography","N/A","English",1611,"N/A","2026-09-08T13:53:38.519754+00:00"
"DOC-0018","ncert-class-9-social-science-book-pdf-economics.pdf","ncert","ncert","economics","N/A","English",354,"N/A","2026-09-08T13:17:49.469128+00:00"
"DOC-0019","kegy211.pdf","ncert","ncert","geography","N/A","English",84,"N/A","2026-09-08T13:31:42.835084+00:00"
"DOC-0020","kegy101.pdf","ncert","ncert","geography","N/A","English",30,"N/A","2026-09-08T13:19:06.686561+00:00"
"DOC-0021","kegy212.pdf","ncert","ncert","geography","N/A","English",63,"N/A","2026-09-08T13:24:27.853715+00:00"
"DOC-0022","kegy102.pdf","ncert","ncert","geography","N/A","English",78,"N/A","2026-09-08T13:19:13.337611+00:00"
"DOC-0023","kegy103.pdf","ncert","ncert","geography","N/A","English",99,"N/A","2026-09-08T13:19:30.882637+00:00"
"DOC-0024","kegy104.pdf","ncert","ncert","geography","N/A","English",123,"N/A","2026-09-08T13:19:55.603198+00:00"
"DOC-0025","kegy105.pdf","ncert","ncert","geography","N/A","English",72,"N/A","2026-09-08T13:20:16.846271+00:00"
"DOC-0026","kegy106.pdf","ncert","ncert","geography","N/A","English",162,"N/A","2026-09-08T13:20:49.483513+00:00"
"DOC-0027","kegy1ps.pdf","ncert","ncert","geography","N/A","English",45,"N/A","2026-09-08T13:21:06.12884+00:00"
"DOC-0028","kegy201.pdf","ncert","ncert","geography","N/A","English",81,"N/A","2026-09-08T13:21:15.980837+00:00"
"DOC-0029","kegy202.pdf","ncert","ncert","geography","N/A","English",45,"N/A","2026-09-08T13:21:32.676409+00:00"
"DOC-0030","kegy213.pdf","ncert","ncert","geography","N/A","English",60,"N/A","2026-09-08T13:24:41.792111+00:00"
"DOC-0031","kegy203.pdf","ncert","ncert","geography","N/A","English",78,"N/A","2026-09-08T13:21:42.024472+00:00"
"DOC-0032","kegy204.pdf","ncert","ncert","geography","N/A","English",78,"N/A","2026-09-08T13:21:59.905941+00:00"
"DOC-0033","kegy205.pdf","ncert","ncert","geography","N/A","English",108,"N/A","2026-09-08T13:22:18.931149+00:00"
"DOC-0034","kegy206.pdf","ncert","ncert","geography","N/A","English",144,"N/A","2026-09-08T13:22:41.433506+00:00"
"DOC-0035","kegy207.pdf","ncert","ncert","geography","N/A","English",30,"N/A","2026-09-08T13:23:11.723023+00:00"
"DOC-0036","kegy208.pdf","ncert","ncert","geography","N/A","English",69,"N/A","2026-09-08T13:23:18.184383+00:00"
"DOC-0037","kegy209.pdf","ncert","ncert","geography","N/A","English",84,"N/A","2026-09-08T13:23:41.401992+00:00"
"DOC-0038","kegy210.pdf","ncert","ncert","geography","N/A","English",48,"N/A","2026-09-08T13:23:59.730492+00:00"
"DOC-0039","kegy214.pdf","ncert","ncert","geography","N/A","English",48,"N/A","2026-09-08T13:24:52.127768+00:00"
"DOC-0040","kegy2gl.pdf","ncert","ncert","geography","N/A","English",39,"N/A","2026-09-08T13:25:01.926727+00:00"
"DOC-0041","kegy2ps.pdf","ncert","ncert","geography","N/A","English",42,"N/A","2026-09-08T13:25:13.249856+00:00"
"DOC-0042","ncert-class-6-social-science-book-pdf-the-earth-our-habitat.pdf","ncert","ncert","geography","N/A","English",336,"N/A","2026-09-08T13:39:47.87593+00:00"
"DOC-0043","kehs106.pdf","ncert","ncert","history","N/A","English",131,"N/A","2026-09-08T13:58:23.264326+00:00"
"DOC-0044","kefa101.pdf","ncert","ncert","history","N/A","English",48,"N/A","2026-09-08T14:16:23.573846+00:00"
"DOC-0045","01_Old_NCERT_Ancient_India.pdf","ncert","ncert","history","N/A","English",21,"N/A","2026-09-08T13:59:39.459575+00:00"
"DOC-0046","kehs104.pdf","ncert","ncert","history","N/A","English",138,"N/A","2026-09-08T13:57:46.253928+00:00"
"DOC-0047","lehs202.pdf","ncert","ncert","history","N/A","English",146,"N/A","2026-09-08T14:04:10.310807+00:00"
"DOC-0048","kehs101.pdf","ncert","ncert","history","N/A","English",186,"N/A","2026-09-08T13:55:41.247262+00:00"
"DOC-0049","kefa102.pdf","ncert","ncert","history","N/A","English",48,"N/A","2026-09-08T13:53:00.953714+00:00"
"DOC-0050","kefa103.pdf","ncert","ncert","history","N/A","English",45,"N/A","2026-09-08T13:53:10.644424+00:00"
"DOC-0051","kefa104.pdf","ncert","ncert","history","N/A","English",162,"N/A","2026-09-08T13:53:20.387448+00:00"
"DOC-0052","kefa105.pdf","ncert","ncert","history","N/A","English",36,"N/A","2026-09-08T13:53:53.555906+00:00"
"DOC-0053","kefa106.pdf","ncert","ncert","history","N/A","English",186,"N/A","2026-09-08T13:54:01.249668+00:00"
"DOC-0054","lehs301.pdf","ncert","ncert","history","N/A","English",152,"N/A","2026-09-08T14:06:35.977632+00:00"
"DOC-0055","kefa107.pdf","ncert","ncert","history","N/A","English",45,"N/A","2026-09-08T13:54:40.820575+00:00"
"DOC-0056","kefa108.pdf","ncert","ncert","history","N/A","English",111,"N/A","2026-09-08T13:54:50.166847+00:00"
"DOC-0057","kefa1ps.pdf","ncert","ncert","history","N/A","English",48,"N/A","2026-09-08T13:55:13.03699+00:00"
"DOC-0058","kehs102.pdf","ncert","ncert","history","N/A","English",360,"N/A","2026-09-08T13:56:15.620892+00:00"
"DOC-0059","kehs103.pdf","ncert","ncert","history","N/A","English",42,"N/A","2026-09-08T13:57:20.865029+00:00"
"DOC-0060","kehs105.pdf","ncert","ncert","history","N/A","English",86,"N/A","2026-09-08T13:57:56.561822+00:00"
"DOC-0061","kehs1ps.pdf","ncert","ncert","history","N/A","English",44,"N/A","2026-09-08T14:07:29.860073+00:00"
"DOC-0062","kehs107.pdf","ncert","ncert","history","N/A","English",168,"N/A","2026-09-08T13:59:01.754455+00:00"
"DOC-0063","lehs101.pdf","ncert","ncert","history","N/A","English",122,"N/A","2026-09-08T14:00:05.699986+00:00"
"DOC-0064","lehs102.pdf","ncert","ncert","history","N/A","English",124,"N/A","2026-09-08T14:00:42.632053+00:00"
"DOC-0065","lehs103.pdf","ncert","ncert","history","N/A","English",134,"N/A","2026-09-08T14:01:20.703223+00:00"
"DOC-0066","lehs3ps.pdf","ncert","ncert","history","N/A","English",44,"N/A","2026-09-08T14:09:45.915422+00:00"
"DOC-0067","lehs104.pdf","ncert","ncert","history","N/A","English",126,"N/A","2026-09-08T14:02:02.999457+00:00"
"DOC-0068","lehs303.pdf","ncert","ncert","history","N/A","English",162,"N/A","2026-09-08T14:08:22.22631+00:00"
"DOC-0069","lehs1ps.pdf","ncert","ncert","history","N/A","English",48,"N/A","2026-09-08T14:02:42.100769+00:00"
"DOC-0070","lehs203.pdf","ncert","ncert","history","N/A","English",102,"N/A","2026-09-08T14:12:06.438336+00:00"
"DOC-0071","lehs201.pdf","ncert","ncert","history","N/A","English",130,"N/A","2026-09-08T14:02:56.863766+00:00"
"DOC-0072","lehs302.pdf","ncert","ncert","history","N/A","English",144,"N/A","2026-09-08T14:14:12.820267+00:00"
"DOC-0073","lehs204.pdf","ncert","ncert","history","N/A","English",144,"N/A","2026-09-08T14:04:57.397658+00:00"
"DOC-0074","lehs2ps.pdf","ncert","ncert","history","N/A","English",43,"N/A","2026-09-08T14:05:44.418696+00:00"
"DOC-0075","lehs304.pdf","ncert","ncert","history","N/A","English",144,"N/A","2026-09-08T14:08:53.48456+00:00"
"DOC-0076","ncert-class-10-social-science-book-pdf-history.pdf","ncert","ncert","history","N/A","English",922,"N/A","2026-09-08T14:09:59.252287+00:00"
"DOC-0077","keps107.pdf","NCERT","ncert","Polity & Governance","Executive (President & Governor)","English",29,"6b32a777a5f4a9f96026130a8f319c10a914a6090a5c39ddfa80f1b21d3391b4","2026-09-08T20:02:53.652388+00:00"
"DOC-0078","keps1ps.pdf","NCERT","ncert","Polity & Governance","Executive (President & Governor)","English",20,"41c8c0056b98e89d5bc95ed68e4c0db4816a80b1e8462d5197bd4cbf20628d0c","2026-09-08T20:03:21.337805+00:00"
"DOC-0079","leps105.pdf","NCERT","ncert","Polity & Governance","Executive (President & Governor)","English",45,"845442e1694cb5c9c0d3829ca1de2749282fdecb58782686429143b567dea40e","2026-09-08T20:07:05.829988+00:00"
"DOC-0080","ncert-class-6-social-science-book-pdf-our-pasts-1.pdf","ncert","ncert","history","N/A","English",247,"N/A","2026-09-08T14:15:21.180058+00:00"
"DOC-0081","ncert-class-7-social-science-book-pdf-history-our-pasts-ii.pdf","ncert","ncert","history","N/A","English",265,"N/A","2026-09-08T14:18:08.00863+00:00"
"DOC-0082","old-ncert-books-for-upsc-Modern-India-Bipan-Chandra.pdf","NCERT","ncert","History, Art & Culture","Freedom Movement & Revolts in Bihar","English",11,"9c35fe78d4f48fa7c45a271bfa3b4ca76fbff0f91f2fa917bbd2b597ac7844aa","2026-09-08T20:01:45.988401+00:00"
"DOC-0083","The_Story_of_Civilization_Part-_I_by_Arjun_Dev.pdf","NCERT","ncert","History, Art & Culture","Freedom Movement & Revolts in Bihar","English",4,"5467605e346d5ff7bebab9dc7a00bb94d170ac859766fe471ce1f73afd35905b","2026-09-08T20:01:46.823075+00:00"
"DOC-0084","ncert-class-8-social-science-book-pdf-history-our-pasts-III.pdf","ncert","ncert","history","N/A","English",18,"N/A","2026-09-08T14:20:59.311233+00:00"
"DOC-0085","ncert-class-9-social-science-book-pdf-history.pdf","NCERT","ncert","History, Art & Culture","Freedom Movement & Revolts in Bihar","English",437,"d1f7cf3cc0b1a82bd14e3e7032476df60e88e76b5b04b96732b37b1e4f552434","2026-09-08T19:59:35.917948+00:00"
"DOC-0086","keps101.pdf","NCERT","ncert","Polity & Governance","Executive (President & Governor)","English",32,"b15effc228ce71685cf8a98aed8a248ba67a1f5db82e4be524306f4cddf60c25","2026-09-08T20:01:48.463428+00:00"
"DOC-0087","keps104.pdf","NCERT","ncert","Polity & Governance","Executive (President & Governor)","English",33,"2aafdce7f0dce645035dd1de97d33f02e8e56387cf9b0a4184acad4e93afaefd","2026-09-08T20:02:32.939998+00:00"
"DOC-0088","keps102.pdf","NCERT","ncert","Polity & Governance","Executive (President & Governor)","English",36,"ebbf78f633230680af83117ae5ab35638aecf95880bf4f7d43e681ea9d22c4de","2026-09-08T20:01:57.869662+00:00"
"DOC-0089","keps103.pdf","NCERT","ncert","Polity & Governance","Executive (President & Governor)","English",45,"1f5503004a580433c3aa1bcbb216551a7d0f0752ada5d2fc5ad00e82c03c173c","2026-09-08T20:02:10.107571+00:00"
"DOC-0090","keps204.pdf","NCERT","ncert","Polity & Governance","Executive (President & Governor)","English",45,"36bd2b7f2129d271156bf4097db28e0b70fd8877245cf1406d4eef96d1d7834d","2026-09-08T20:04:15.563395+00:00"
"DOC-0091","keps105.pdf","NCERT","ncert","Polity & Governance","Executive (President & Governor)","English",27,"84ade2609ad3491bea4f1564f4f19f2531cfbe9755c6a51c3bd069f2bab68030","2026-09-08T20:02:33.885677+00:00"
"DOC-0092","keps106.pdf","NCERT","ncert","Polity & Governance","Executive (President & Governor)","English",39,"a69067ecf8c52a26b4824cbe9ada71f82045ff1e0449567a85de3929c1bd7f3e","2026-09-08T20:02:42.264344+00:00"
"DOC-0093","keps108.pdf","NCERT","ncert","Polity & Governance","Executive (President & Governor)","English",39,"4ecca5c0bb1075aac04993be5a7a06765de591811fe3794da79c2c1ad0b7e01a","2026-09-08T20:03:03.721608+00:00"
"DOC-0094","leps106.pdf","NCERT","ncert","Polity & Governance","Executive (President & Governor)","English",6,"4a3fee6b7a6b2c230073ae167a0392e9c0b2234d49d725d9aeafff6a5ddcceda","2026-09-08T20:07:07.207078+00:00"
"DOC-0095","keps201.pdf","NCERT","ncert","Polity & Governance","Executive (President & Governor)","English",51,"6f27328080595e7e4aa2af6ae5f4b6c59da65214a29d7346bee4cffbdb4e5166","2026-09-08T20:03:24.877932+00:00"
"DOC-0096","keps202.pdf","NCERT","ncert","Polity & Governance","Executive (President & Governor)","English",48,"9597e63a5dfc731b0b0fad94657fd29040aa41315575be5c57ccfe0e33da3969","2026-09-08T20:03:41.245416+00:00"
"DOC-0097","keps203.pdf","NCERT","ncert","Polity & Governance","Executive (President & Governor)","English",55,"1ec3da10cde835e42d7076c34848ef8a124cfe92963162796afd460e96487b91","2026-09-08T20:03:55.652392+00:00"
"DOC-0098","keps205.pdf","NCERT","ncert","Polity & Governance","Executive (President & Governor)","English",44,"5197e6cde02b58f47d0d14d93f7fe0352d1311ddc4f7eb2e6bc759c5545d0fe0","2026-09-08T20:04:26.456895+00:00"
"DOC-0099","keps206.pdf","NCERT","ncert","Polity & Governance","Executive (President & Governor)","English",48,"1277a465ea0ed3c6c2b66f6a8207f481675caf180a003216cf33d6ac4c402b7c","2026-09-08T20:04:39.775739+00:00"
"DOC-0100","keps207.pdf","NCERT","ncert","Polity & Governance","Executive (President & Governor)","English",47,"53cfb0527ad9941572f1978f91067f53f2fc32d557054a8e06f54db1417720c7","2026-09-08T20:04:55.159858+00:00"
"DOC-0101","keps208.pdf","NCERT","ncert","Polity & Governance","Executive (President & Governor)","English",38,"310198f51e71f981101cb3121c83a0ff9238003ea0e289806e391699d78a6ee7","2026-09-08T20:05:09.444527+00:00"
"DOC-0102","keps209.pdf","NCERT","ncert","Polity & Governance","Executive (President & Governor)","English",49,"869a1c34897f3ef495e2a319b2692e5a920e01958b989edd3b0492083bcd13e5","2026-09-08T20:05:21.126623+00:00"
"DOC-0103","keps210.pdf","NCERT","ncert","Polity & Governance","Executive (President & Governor)","English",48,"f2034da1647672de785b439ed02c561a2243092cce74fc3e8a0634812473ff3f","2026-09-08T20:05:38.416168+00:00"
"DOC-0104","keps2ps.pdf","NCERT","ncert","Polity & Governance","Executive (President & Governor)","English",22,"29f623e5bec9144e4614e434114006f0df68adfac7e470e6b3a8971a5c5dee08","2026-09-08T20:05:53.814505+00:00"
"DOC-0105","leps101.pdf","NCERT","ncert","Polity & Governance","Executive (President & Governor)","English",41,"f2e02e851eca851a79d0a4794a84576c3f3c45050dd84a930443e2c7828ea0c1","2026-09-08T20:06:02.099079+00:00"
"DOC-0106","leps102.pdf","NCERT","ncert","Polity & Governance","Executive (President & Governor)","English",36,"87c5546fbe5d7d7930580ce9c84164eadf2242a7bb7b4e2973335b0f43ffd578","2026-09-08T20:06:14.709055+00:00"
"DOC-0107","leps103.pdf","NCERT","ncert","Polity & Governance","Executive (President & Governor)","English",44,"8b62f02becd783c084f87c33e6147f547fc5d9f113987654f6c0ed84f2f96cbe","2026-09-08T20:06:25.768394+00:00"
"DOC-0108","leps104.pdf","NCERT","ncert","Polity & Governance","Executive (President & Governor)","English",45,"598be274c34d30ad29cee799186eff39a68c92cc7700fe05a2800bc74348846e","2026-09-08T20:06:38.871734+00:00"