question_id,year,exam_name,paper,section,question_number,marks,language,original_question_text,page_number,source_pdf_name,subject_id,subject_name,subject_confidence,classification_method,classification_reason,review_required,secondary_subject,secondary_subject_confidence
BPSC-Q-000009,2022,67th BPSC Mains,GS 1,Section I,9,38,English,Discuss the significance of the 75th Anniversary of India's Independence (Azadi ka Amrit Mahotsav) and the vision for 'Amrit Kaal'.,2,67thMainsGS1-2022.pdf,BPSC-SUB-01,"History, Art & Culture",0.78,two_pass_taxonomy_v1,Assigned default Subject domain based on general studies context; flagged for human review.,True,,
BPSC-Q-000021,2023,68th BPSC Mains,GS 1,Section I,1,38,English,**Short Answer Questions (Compulsory - 38 Marks Total):**,3,68th-MainsGS-1.pdf,BPSC-SUB-01,"History, Art & Culture",0.78,two_pass_taxonomy_v1,Assigned default Subject domain based on general studies context; flagged for human review.,True,,
BPSC-Q-000030,2023,68th BPSC Mains,GS 1,Section I,3,38,English,**Long Answer Question (Art & Thinkers):**,3,68th-MainsGS-1.pdf,BPSC-SUB-01,"History, Art & Culture",0.78,two_pass_taxonomy_v1,Assigned default Subject domain based on general studies context; flagged for human review.,True,,
BPSC-Q-000033,2023,68th BPSC Mains,GS 1,Section I,4,38,English,**Short Answer Questions:**,3,68th-MainsGS-1.pdf,BPSC-SUB-01,"History, Art & Culture",0.78,two_pass_taxonomy_v1,Assigned default Subject domain based on general studies context; flagged for human review.,True,,
BPSC-Q-000039,2023,68th BPSC Mains,GS 1,Section I,5,38,English,**Long Answer Question:**,3,68th-MainsGS-1.pdf,BPSC-SUB-01,"History, Art & Culture",0.78,two_pass_taxonomy_v1,Assigned default Subject domain based on general studies context; flagged for human review.,True,,
BPSC-Q-000042,2023,68th BPSC Mains,GS 2,Section I,1,38,English,**Short Answer Questions:**,3,68th_BPSC_MAINS_GS_PAPER-II.pdf,BPSC-SUB-01,"History, Art & Culture",0.78,two_pass_taxonomy_v1,Assigned default Subject domain based on general studies context; flagged for human review.,True,,
BPSC-Q-000048,2023,68th BPSC Mains,GS 2,Section I,2,38,English,**Long Answer Question:**,3,68th_BPSC_MAINS_GS_PAPER-II.pdf,BPSC-SUB-01,"History, Art & Culture",0.78,two_pass_taxonomy_v1,Assigned default Subject domain based on general studies context; flagged for human review.,True,,
BPSC-Q-000050,2023,68th BPSC Mains,GS 2,Section I,3,38,English,**Short Answer Questions:**,3,68th_BPSC_MAINS_GS_PAPER-II.pdf,BPSC-SUB-01,"History, Art & Culture",0.78,two_pass_taxonomy_v1,Assigned default Subject domain based on general studies context; flagged for human review.,True,,
BPSC-Q-000056,2023,68th BPSC Mains,GS 2,Section I,4,38,English,**Long Answer Question:**,3,68th_BPSC_MAINS_GS_PAPER-II.pdf,BPSC-SUB-01,"History, Art & Culture",0.78,two_pass_taxonomy_v1,Assigned default Subject domain based on general studies context; flagged for human review.,True,,
BPSC-Q-000058,2023,68th BPSC Mains,GS 2,Section I,5,38,English,**Short Answer Questions:**,3,68th_BPSC_MAINS_GS_PAPER-II.pdf,BPSC-SUB-01,"History, Art & Culture",0.78,two_pass_taxonomy_v1,Assigned default Subject domain based on general studies context; flagged for human review.,True,,
BPSC-Q-000064,2023,68th BPSC Mains,GS 2,Section I,6,38,English,**Long Answer Question:**,3,68th_BPSC_MAINS_GS_PAPER-II.pdf,BPSC-SUB-01,"History, Art & Culture",0.78,two_pass_taxonomy_v1,Assigned default Subject domain based on general studies context; flagged for human review.,True,,
BPSC-Q-000075,2024,69th BPSC Mains,GS 1,Section I,1,38,English,**Short Answer Questions (Compulsory - 38 Marks Total):**,3,69th_BPSC_MAINS_GS_PAPER-I.pdf,BPSC-SUB-01,"History, Art & Culture",0.78,two_pass_taxonomy_v1,Assigned default Subject domain based on general studies context; flagged for human review.,True,,
BPSC-Q-000084,2024,69th BPSC Mains,GS 1,Section I,3,38,English,**Long Answer Question (National Movement & Thinkers):**,3,69th_BPSC_MAINS_GS_PAPER-I.pdf,BPSC-SUB-01,"History, Art & Culture",0.78,two_pass_taxonomy_v1,Assigned default Subject domain based on general studies context; flagged for human review.,True,,
BPSC-Q-000087,2024,69th BPSC Mains,GS 1,Section I,4,38,English,**Short Answer Questions (Current Developments):**,3,69th_BPSC_MAINS_GS_PAPER-I.pdf,BPSC-SUB-01,"History, Art & Culture",0.78,two_pass_taxonomy_v1,Assigned default Subject domain based on general studies context; flagged for human review.,True,,
BPSC-Q-000093,2024,69th BPSC Mains,GS 1,Section I,5,38,English,**Long Answer Question (International Relations):**,3,69th_BPSC_MAINS_GS_PAPER-I.pdf,BPSC-SUB-01,"History, Art & Culture",0.78,two_pass_taxonomy_v1,Assigned default Subject domain based on general studies context; flagged for human review.,True,,
BPSC-Q-000096,2024,69th BPSC Mains,GS 2,Section I,1,38,English,**Short Answer Questions (Polity):**,3,69th_BPSC_MAINS_GS_PAPER-II.pdf,BPSC-SUB-01,"History, Art & Culture",0.78,two_pass_taxonomy_v1,Assigned default Subject domain based on general studies context; flagged for human review.,True,,
BPSC-Q-000102,2024,69th BPSC Mains,GS 2,Section I,2,38,English,**Long Answer Question (Polity):**,3,69th_BPSC_MAINS_GS_PAPER-II.pdf,BPSC-SUB-01,"History, Art & Culture",0.78,two_pass_taxonomy_v1,Assigned default Subject domain based on general studies context; flagged for human review.,True,,
BPSC-Q-000113,2024,69th BPSC Mains,GS 2,Section I,5,38,English,**Short Answer Questions (Science & Tech):**,3,69th_BPSC_MAINS_GS_PAPER-II.pdf,BPSC-SUB-01,"History, Art & Culture",0.78,two_pass_taxonomy_v1,Assigned default Subject domain based on general studies context; flagged for human review.,True,,
BPSC-Q-000117,2024,69th BPSC Mains,GS 2,Section I,Sub-d,7,English,**Waste-to-Energy Technologies:** Discuss modern municipal solid waste management technologies and their relevance for urban Bihar.,2,69th_BPSC_MAINS_GS_PAPER-II.pdf,BPSC-SUB-01,"History, Art & Culture",0.78,two_pass_taxonomy_v1,Assigned default Subject domain based on general studies context; flagged for human review.,True,,
BPSC-Q-000119,2024,69th BPSC Mains,GS 2,Section I,6,38,English,**Long Answer Question (Science & Tech):**,3,69th_BPSC_MAINS_GS_PAPER-II.pdf,BPSC-SUB-01,"History, Art & Culture",0.78,two_pass_taxonomy_v1,Assigned default Subject domain based on general studies context; flagged for human review.,True,,
BPSC-Q-000134,2018,60th-62nd BPSC Mains,GS 1,Section I,5,38,English,Evaluate the contribution of Rabindranath Tagor in Bengali literature and music. 38 caxyk	lkfgR;	rFkk	laxhr	esa	johaæukFk	VSxksj	ds	;ksxnku	dk	ewY;kadu	dhft;sA,2,BPSC-(60-62)-Mains-exam-GS-1.pdf,BPSC-SUB-01,"History, Art & Culture",0.78,two_pass_taxonomy_v1,Assigned default Subject domain based on general studies context; flagged for human review.,True,,
BPSC-Q-000137,2018,60th-62nd BPSC Mains,GS 1,Section I,8,38,English,"Elucidate the Demonetisation Scheme. In your views, up to what extent it was successful or unsuccessful? What	were	its	effects	on	the	Liquour	Ben	Policy	of	the	Bihar	Government?		 38",2,BPSC-(60-62)-Mains-exam-GS-1.pdf,BPSC-SUB-01,"History, Art & Culture",0.78,two_pass_taxonomy_v1,Assigned default Subject domain based on general studies context; flagged for human review.,True,,
BPSC-Q-000138,2018,60th-62nd BPSC Mains,GS 1,Section I,9,38,English,"Thoroughly explain the disputes between North Korea and America. Is United Nations playing an important role in resolving this dispute? If yes, How? And, if no, what are the underlying reasons? Give some suitable suggestions in resolving this issue. 38 mÙkj	 dksfj;k	,oa	vesfjdk	ds	chp	fookn	dks	foLrkj	ls	le>kb,A	D;k	bl	fookn	dks	gy	djus	esa	la;qDr	jk""Vª	,d egÙoiw.kZ	Hkwfedk	fuHkk	jgk	gS\	rks	dSls\	vkSj]	;fn	ugha]	rks	blds	varfuZfgr	dkj.k	D;k	gSa\	bl	fookn	dks	lqy>kus esa	dqN	mi;qDr	lq>ko	nhft;sA",3,BPSC-(60-62)-Mains-exam-GS-1.pdf,BPSC-SUB-01,"History, Art & Culture",0.78,two_pass_taxonomy_v1,Assigned default Subject domain based on general studies context; flagged for human review.,True,,
BPSC-Q-000140,2018,60th-62nd BPSC Mains,GS 1,Section I,11,38,English,"What do you understand by human rights? Throw light on the Universal Declaration of Human Rights (1948)	by	UNO.	What	were	the	major	efforts	made	by	the	Bihar	Government	in	fostering	them	in	last decade? 38 ekuokfèkdkjksa	 ls	vki	D;k	le>rs	gSa\	la;qDr	jk""Vª	la?k	}kjk	ekuokfèkdkjksa	dh	lkoZHkkSfed	?kks""k.kk	(1948)	ij	izdk'k Mkfy;sA	fcgkj	ljdkj	}kjk	fiNys	,d	n'k	esa	bUgsa	c<+kok	nsus	gsrq	D;k	izeq[k	iz;kl	fd;s	x,\",3,BPSC-(60-62)-Mains-exam-GS-1.pdf,BPSC-SUB-01,"History, Art & Culture",0.78,two_pass_taxonomy_v1,Assigned default Subject domain based on general studies context; flagged for human review.,True,,
BPSC-Q-000141,2018,60th-62nd BPSC Mains,GS 1,Section I,12,38,English,"Study	 the	following	line	graph	which	gives	the	percent	profit	earned	by	the	three	companies	A,	B	and	C during the period from 2011 to 2016 and answer the questions given below: 38 (a)  The income of company B in 2012 was `	60	Lakhs,	which	increased	by	30%	in	the	year	2013.	Find the expenditure of company B in the year 2013. (b) If the expenditure of companies A, B and C in the year 2016 were equal and their total income in that year was `	870	lakhs,	find	the	profit	of	each	company	in	that	year. (c) If the companies A, B and C had an expenditure of ` 200 lakhs, ` 300 lakhs and ` 400 lakhs repectively in	the	year	2014,	find	the	ratio	of	their	profits	in	2014. (d) If the incomes of companies A, B and C in the year 2015 were equal and their total expenditure in that year was `	1,835	lakhs,	find	the	profit	of	each	company	in	that	year. fuEu	js[kk&vkys[k	dk	vè;;u	dhft,]	ftlesa	rhu	daifu;ksa	 A, B	rFkk	C	}kjk	vftZr	izfr'kr	ykHk	vofèk	2011 ls	2016	rd	ds	fy;s	fn;k	x;k	gS]	rFkk	mu	iz'uksa	ds	mÙkj	nhft;s]	tks	blds	uhps	fn;s	x,	gSa%",3,BPSC-(60-62)-Mains-exam-GS-1.pdf,BPSC-SUB-01,"History, Art & Culture",0.78,two_pass_taxonomy_v1,Assigned default Subject domain based on general studies context; flagged for human review.,True,,
BPSC-Q-000144,2018,60th-62nd BPSC Mains,GS 1,Section I,15,38,English,"The following graph shows the expenditure on arms of the three countries A, B and C (in ` thousand millions). Answer the questions that follow on the basis of the graph: 38 (a) Which country had the steepest rise in its expenditure on arms compared to the previous year and in which year? 5 (b) What was the percentage increase in expenditure on arms of country A in 2017 compared to 2012? (c) The amount spent by country B in 2017 is what percentage of amount spent by it in 2011? 5 (d)	 If	 in	2018,	the	amount	spent	by	country	C	will	be	30%	more	than	that	in	the	last	year	and	the	amount",6,BPSC-(60-62)-Mains-exam-GS-1.pdf,BPSC-SUB-01,"History, Art & Culture",0.78,two_pass_taxonomy_v1,Assigned default Subject domain based on general studies context; flagged for human review.,True,,
BPSC-Q-000147,2018,60th-62nd BPSC Mains,GS 2,Section I,3,38,English,Identify the major pressure groups in Indian politics and examine their role in it.  38 Hkkjrh; jktuhfr esa çeq• ncko lewgksa dh igpku dhft;s vkSj Hkkjr dh jktuhfr esa mudh Hkwfedk dk ijh{k.k dhft;sA,2,BPSC-(60-62)-Mains-exam-GS-2.pdf,BPSC-SUB-01,"History, Art & Culture",0.78,two_pass_taxonomy_v1,Assigned default Subject domain based on general studies context; flagged for human review.,True,,
BPSC-Q-000152,2018,60th-62nd BPSC Mains,GS 2,Section I,8,38,English,"What do you mean by public goods subsidy, merit goods subsidy and non-merit goods subsidy in India. Explain the recent trends and problems of food, fertilizer and petroleum subsidy in the country. 38 Hkkjr esa lkoZtfud oLrq vuqnku] esfjV oLrq vuqnku vkSj xSj&esfjV oLrq vuqnkuksa ls vkidk D;k rkRi;Z gS\ ns'k esa moZjd] •k| o isVªksfy;e vuqnkuksa dh leL;k rFkk gky gh dh ço`fÙk;ksa dks le>kb;sA [kaM&III@Section-III",3,BPSC-(60-62)-Mains-exam-GS-2.pdf,BPSC-SUB-01,"History, Art & Culture",0.78,two_pass_taxonomy_v1,Assigned default Subject domain based on general studies context; flagged for human review.,True,,
BPSC-Q-000153,2018,60th-62nd BPSC Mains,GS 2,Section I,9,36,English,"Pollution has become serious threat for India. Identify causes and indicate which mandatory steps should be taken by the Government and what should be voluntarily done by the public. 36 Hkkjr ds fy;s çnw""k.k xaHkhj •rjk cu x;k gSA blds dkj.kksa dh igpku dhft;s ,oa bafxr dhft;s fd 'kklu }kjk dkSu&ls vfuok;Z dne mBk, tkus pkfg;s ,oa turk }kjk dkSu&ls LoSfPNd dne mBk, tkus pkfg;sA",3,BPSC-(60-62)-Mains-exam-GS-2.pdf,BPSC-SUB-01,"History, Art & Culture",0.78,two_pass_taxonomy_v1,Assigned default Subject domain based on general studies context; flagged for human review.,True,,
BPSC-Q-000155,2018,60th-62nd BPSC Mains,GS 2,Section I,11,36,English,How do you see achievements of Indian Space Research Organization (ISRO). What are their next exciting targets. 36 Hkkjrh; varfj{k vuqla/ku laxBu (ISRO) dh miyfC/;ksa dks vki fdl rjg ns•rs gSa\ muds vxys jksekapd y{; D;k gSa\,3,BPSC-(60-62)-Mains-exam-GS-2.pdf,BPSC-SUB-01,"History, Art & Culture",0.78,two_pass_taxonomy_v1,Assigned default Subject domain based on general studies context; flagged for human review.,True,,
BPSC-Q-000156,2018,60th-62nd BPSC Mains,GS 2,Section I,12,36,English,What is 'UDAY' (Ujwal Discom Assurance Yojna)? Which States are partners in this Yojna? How is Bihar going to be benefitted by 'UDAY? 36 ^mn;* (mToy fMLdke v';ksjsal ;kstuk) D;k gS\ dkSu&ls jkT; bl ;kstuk ds Hkkxhnkj gSa\ fcgkj fdl rjg ls ^mn;* ls ykHkkfUor gksxk\,3,BPSC-(60-62)-Mains-exam-GS-2.pdf,BPSC-SUB-01,"History, Art & Culture",0.78,two_pass_taxonomy_v1,Assigned default Subject domain based on general studies context; flagged for human review.,True,,
BPSC-Q-000162,2019,63rd BPSC Mains,GS 1,Section I,6,38,English,"Examine	the	salient	features	of	Patna	Kalam	Painting	Style.	 38 iVuk	dyke	fp=kdyk	'kSyh	dh	eq[;	fo'ks""krkvksa	dk	ijh{k.k	dhft;sA [kaM&II/Section-II",2,BPSC-(63rd)-Mains-exam-GS-1.pdf,BPSC-SUB-01,"History, Art & Culture",0.78,two_pass_taxonomy_v1,Assigned default Subject domain based on general studies context; flagged for human review.,True,,
BPSC-Q-000163,2019,63rd BPSC Mains,GS 1,Section I,7,38,English,"Explain	 the	 BIMSTEC 	 organization.	Throw	 light	 on	 the	 outcomes	 of	 recently	 concluded	 Kathmandu Smmit	of	BIMSTEC 	countries.	Discuss	the	issues	related	to	India's	interests,	hopes	and	grievances.	 38 fcElVsd	 laxBu	dks	Li""V	dhft;sA	fcElVsd	ns'kksa	ds	laxBu	dh	gky	esa	gq,	dkBekaMw	lEesyu	ds	ifj.kkeksa	ij izdk'k	Mkfy;sA	Hkkjr	ds	fgr]	vk'kk,¡	,oa	vis{kkvksa	ls	lacafèkr	fo""k;ksa	dh	foospuk	dhft;sA",2,BPSC-(63rd)-Mains-exam-GS-1.pdf,BPSC-SUB-01,"History, Art & Culture",0.78,two_pass_taxonomy_v1,Assigned default Subject domain based on general studies context; flagged for human review.,True,,
BPSC-Q-000164,2019,63rd BPSC Mains,GS 1,Section I,8,38,English,"Critically	 examine	the	Rohingya	Refugee	Crisis.	Describe	the	role	of	Myanmar,	China,	India	and	Bangladesh in	 evolution	 and	 resolution	 of	 the	 crisis.	Throw	 light	 on	 the	 viloation	 of	 Human	 Rights	 in	 context	 to Rohingya	Refugees.	 38 jksfgaX;k	 'kj.kkFkhZ	ladV	dh	vkykspukRed	foospuk	dhft;sA	bl	ladV	dh	mRifÙk	,oa	lekèkku	esa	E;kaekj]	phu]	Hkkjr ,oa	ckaXykns'k	dh	Hkwfedk	dk	o.kZu	dhft;sA	jksfgaX;k	'kj.kkfFkZ;ksa	ds	lanHkZ	esa	ekuokfèkdkjksa	ds	guu	ij	izdk'k	Mkfy;sA",2,BPSC-(63rd)-Mains-exam-GS-1.pdf,BPSC-SUB-01,"History, Art & Culture",0.78,two_pass_taxonomy_v1,Assigned default Subject domain based on general studies context; flagged for human review.,True,,
BPSC-Q-000166,2019,63rd BPSC Mains,GS 1,Section I,10,38,English,"What	 do	you	know	about	NRC	dispute?	Illuminate	the	political	intentions	behind	it.	Discuss	the	international impacts	of	this	issue	also.		 	 38 ,u-vkj-lh-	 fookn	ls	vki	D;k	le>rs	gSa\	bl	fookn	esa	fufgr	jktuhfrd	ea'kkvksa	dks	Li""V	dhft;sA	bl	eqís	ds varjkZ""Vªh;	izHkkoksa	dh	Hkh	foospuk	dhft;sA",3,BPSC-(63rd)-Mains-exam-GS-1.pdf,BPSC-SUB-01,"History, Art & Culture",0.78,two_pass_taxonomy_v1,Assigned default Subject domain based on general studies context; flagged for human review.,True,,
BPSC-Q-000167,2019,63rd BPSC Mains,GS 1,Section I,11,38,English,"Elucidate	 the	international	terrorism.	How	is	the	international	community	today	trying	to	fight	the	menace of	international	terrorism?	What	is	UNO's	contribution?	 38 varjkZ""Vªh;	 vkradokn	dks	Li""V	dhft;sA	vkt	varjkZ""Vªh;	leqnk;	fdl	izdkj	varjkZ""Vªh;	vkradokn	ds	[krjs	dh	lekfIr ds	fy;s	iz;kl	dj	jgk	gSA	la;qDr	jk""Vª	la?k	dk	D;k	;ksxnku	gS\ [kaM&III/Section-III",3,BPSC-(63rd)-Mains-exam-GS-1.pdf,BPSC-SUB-01,"History, Art & Culture",0.78,two_pass_taxonomy_v1,Assigned default Subject domain based on general studies context; flagged for human review.,True,,
BPSC-Q-000168,2019,63rd BPSC Mains,GS 1,Section I,12,38,English,"In	 a	city	of	Maharashtra,	the	main	mode	of	transport	is	the	car.	The	following	chart	shows	the	population trends	and	car	use	trends	during	the	period	2011-2016.	Study	the	chart	and	answer	the	questions	that	follow: 38 (a)	 In	 2014,	if	the	females	used	30%	of	the	total	cars,	them	what	is	the	per	capita	use	of	cars	by	females in	2014?	 6 (b)	 What	is	the	average	percentage	increase	in	number	of	cars	over	the	period	2011-2016?		 6 (c)	 Find	the	year	in	which	the	ratio	of	males	to	that	of	females	was	the	highest.		 6 (d)	 If	 in	2012,	60%	of	cars	are	used	by	males,	then	what	is	the	percentage	of	males	and	females	who used	car	in	the	year	2012?		 6 (e)	 In	which	year	the	ratio	of	male	population	to	the	number	of	cars	int	he	city	was	lowest?		 6 (f)	 With	what	percentage,	the	number	of	cars	in	the	city	was	increased	from	2011	to	2016? egkjk""Vª	 ds	,d	'kgj	esa	;krk;kr	dk	eq[;	lkèku	dkj	gSA	uhps	fn;s	x,	ys[kkfp=k	esa	tula[;k	o`fÙk	rFkk	dkj	iz;ksx djus	dh	o`fÙk	dks	vofèk	2011	ls	2016	rd	ds	fy;s	n'kkZ;k	x;k	gSA	ys[kkfp=k	dk	vè;;u	dhft;s	rFkk	mlds uhps	fn;s	x,	iz'uksa	ds	mÙkj	nhft;s%",3,BPSC-(63rd)-Mains-exam-GS-1.pdf,BPSC-SUB-01,"History, Art & Culture",0.78,two_pass_taxonomy_v1,Assigned default Subject domain based on general studies context; flagged for human review.,True,,
BPSC-Q-000170,2019,63rd BPSC Mains,GS 1,Section I,14,38,English,"Study	 the	data	given	in	the	following	multiple	bar	chart,	which	shows	the	sex	ratio	in	Madhya	Pradesh during	the	period	from	1901	to	1971	and	answer	the	questions	given	below	it:	 38 (a)	 What	 are	the	ratios	of	femaels	per	1000	males	in	rural	and	urban	areas	of	Madhya	Pradesh	in	1941 and	1951	Census?	In	which	year	was	it	higher?	 6 (b)	 What	 is	the	percentage	change	in	females	per	1000	males	in	urban	areas	of	Madhya	Pradesh	in	1961 in	comparison	to	1931?	 6 (c)	 Compare	 the	ratio	of	females	per	1000	males	in	total	and	rural	areas	of	Madhya	Pradesh	in	1911	and 1921	Census.	In	which	year	was	it	higher?		 6 (d)	 In	 which	census	years,	were	the	female	sex	ratio	in	urban	areas	of	Madhya	Pradesh	highest	and lowest?	What	is	the	difference	between	these	two?		 6 (e)	 If	 in	1931	Census,	due	to	some	error	in	counting	15	females	per	100	males	were	wrongly	counted	in urban	area	instead	of	rural	area	of	Madhya	Pradesh,	then	what	should	have	been	the	actual	percentage of	females	per	1000	males	in	urban	area	of	Madhya	Pradesh	to	that	of	rural	area	in	1931?		 6 (f)	 If	 in	1971	Census,	there	were	90	crore	males	in	rural	areas	of	Madhya	Pradesh,	then	what	is	the difference	between	male	and	female	population	in	rural	areas	of	Madhya	Pradesh	in	1971? uhps	 fn;s	x,	cgq'kykdk	ys[kkfp=k	ds	vk¡dM+ksa	dk	vè;;u	dhft;s]	ftlesa	eè;	izns'k	esa	fyaxkuqikr	dks	vofèk	1901 ls	1971	rd	n'kkZ;k	x;k	gS	rFkk	mu	iz'uksa	ds	mÙkj	nhft;s]	tks	blds	uhps	fn;s	x,	gSa%",5,BPSC-(63rd)-Mains-exam-GS-1.pdf,BPSC-SUB-01,"History, Art & Culture",0.78,two_pass_taxonomy_v1,Assigned default Subject domain based on general studies context; flagged for human review.,True,,
BPSC-Q-000173,2019,63rd BPSC Mains,GS 2,Section I,2,38,English,Do you agree that Indian Politics today primarily revolves around development politics rather than ascriptive politics? Discuss with reference to Bihar. 38 D;k	 vki	lger	gSa	fd	Hkkjrh;	jktuhfr	vkt	eq[;	:i	ls	o.kZukRed	jktuhfr	dh	ctk;	fodkl	jktuhfr	ds vkl&ikl	?kwerh	gS\	fcgkj	ds	lanHkZ	esa	ppkZ	djsaA,2,BPSC-(63rd)-Mains-exam-GS-2.pdf,BPSC-SUB-01,"History, Art & Culture",0.78,two_pass_taxonomy_v1,Assigned default Subject domain based on general studies context; flagged for human review.,True,,
BPSC-Q-000174,2019,63rd BPSC Mains,GS 2,Section I,3,38,English,What are the implications of growing regional political parties on the Indian party politics in recent times? 38 gky	ds	fnuksa	esa	Hkkjrh;	ikVhZ	dh	jktuhfr	ij	c<+rs	{ks=kh;	jktuhfrd	nyksa	ds	izHkko	D;k	gSa\,2,BPSC-(63rd)-Mains-exam-GS-2.pdf,BPSC-SUB-01,"History, Art & Culture",0.78,two_pass_taxonomy_v1,Assigned default Subject domain based on general studies context; flagged for human review.,True,,
BPSC-Q-000176,2019,63rd BPSC Mains,GS 2,Section I,5,38,English,"Centrally	 Sponsored	 Schemes	 have	 always	 been	 a	 point	 of	 contention	 between	 the	 Centre	 and	 States. Discuss	by	citing	relevant	examples.	 38 dsaæ	 izk;ksftr	;kstuk,¡]	dsaæ	vkSj	jkT;ksa	ds	chp	ges'kk	fookn	dk	eqík	jgh	gSaA	izklafxd	mnkgj.kksa	dk	gokyk	nsrs	gq, ppkZ	djsaA [kaM&II/Section-II",2,BPSC-(63rd)-Mains-exam-GS-2.pdf,BPSC-SUB-01,"History, Art & Culture",0.78,two_pass_taxonomy_v1,Assigned default Subject domain based on general studies context; flagged for human review.,True,,
BPSC-Q-000179,2019,63rd BPSC Mains,GS 2,Section I,8,38,English,"Explain	 the	reasons	why	India's	major	large-scale	industries	have	been	estalished	in	geographical	areas	in some special areas. Explain main key industries of India. 38 Hkkjr	 ds	izeq[k	cM+s	iSekus	ds	m|ksx	HkkSxksfyd	n`f""V	ls	dqN	fo'ks""k	{ks=kksa	esa	gh	LFkkfir	gks	ik,	gSa]	blds	dkj.kksa	dh O;k[;k	djsa	,oa	Hkkjr	ds	izeq[k	cqfu;knh	m|ksxksa	dh	O;k[;k	djsaA",3,BPSC-(63rd)-Mains-exam-GS-2.pdf,BPSC-SUB-01,"History, Art & Culture",0.78,two_pass_taxonomy_v1,Assigned default Subject domain based on general studies context; flagged for human review.,True,,
BPSC-Q-000183,2019,63rd BPSC Mains,GS 2,Section I,12,36,English,"What 	 do	 you	 mean	 by	 Software? 	 How	 is	 the	 Software 	 Industry	 backbone 	 of	 country's	 economic development?	Comment	on	the	development	of	computer	languages	and	our	country's	contribution	in	this era. 36 lkWÝVos;j	 ls	vki	D;k	le>rs	gSa\	ns'k	ds	vkfFkZd	fodkl	esa	dSls	lkWÝVos;j	m|ksx	jh<+	dh	gM~Mh	ds	leku	gS] le>k,¡A	daI;wVj	dh	Hkk""kkvksa	ds	fodkl	ij	viuk	er	Li""V	djsa	rFkk	le>k,¡	fd	gekjs	ns'k	dk	bl	{ks=k	esa	D;k ;ksxnku	gS\",3,BPSC-(63rd)-Mains-exam-GS-2.pdf,BPSC-SUB-01,"History, Art & Culture",0.78,two_pass_taxonomy_v1,Assigned default Subject domain based on general studies context; flagged for human review.,True,,
BPSC-Q-000184,2019,63rd BPSC Mains,GS 2,Section I,13,36,English,"What	 do	you	mean	by	Global	Warming?	How	is	India	contributing	in	minimising	its	effects?	Comment on	saying,	""The	world	would	submerge	in	water	in	coming	future	by	the	mistakes	committed	by	human being	of	this	planet"".	 36 Xykscy	 ok²ex	D;k	gS\	Xykscy	ok²ex	ls	gksus	okys	izHkko	dks	de	djus	ds	fy;s	fd;s	tkus	okys	iz;klksa	esa	Hkkjr dk	D;k	;ksxnku	gS\	¶fudV	Hkfo"";	esa	iwjk	fo'o]	bl	xzg	ds	ekuo	ds	}kjk	dh	tkus	okyh	xyfr;ksa	ds	dkj.k]	ikuh esa	Mwc	tk,xkA¸	mDr	dFku	ij	vius	fopkj	Li""V	djsaA",3,BPSC-(63rd)-Mains-exam-GS-2.pdf,BPSC-SUB-01,"History, Art & Culture",0.78,two_pass_taxonomy_v1,Assigned default Subject domain based on general studies context; flagged for human review.,True,,
BPSC-Q-000185,2019,64th BPSC Mains,GS 1,Section I,1,38,English,"Critically examine the evoluation of Indian nationalism since the late 19th century. 38 19 oha	lnh	ds	mÙkjk¼Z	ls	Hkkjrh;	jk""Vªokn	ds	fodkl	dh	vkykspukRed	leh{kk	dhft;sA",2,BPSC-64th-Mains-exam-GS-1.pdf,BPSC-SUB-01,"History, Art & Culture",0.78,two_pass_taxonomy_v1,Assigned default Subject domain based on general studies context; flagged for human review.,True,,
BPSC-Q-000188,2019,64th BPSC Mains,GS 1,Section I,4,38,English,"Examine the characteristics of tribal protest in the 19 th century with suitable examples. Give reasons for their failure. 38 mi;qDr	 mnkgj.k	lfgr	19oha	lnh	esa	tutkrh;	izfrjksèk	dh	fo'ks""krkvksa	dh	leh{kk	dhft;sA	mudh	vliQyrk	ds dkj.k	crkb,A",2,BPSC-64th-Mains-exam-GS-1.pdf,BPSC-SUB-01,"History, Art & Culture",0.78,two_pass_taxonomy_v1,Assigned default Subject domain based on general studies context; flagged for human review.,True,,
BPSC-Q-000191,2019,64th BPSC Mains,GS 1,Section I,7,38,English,"What is the major focus of UNDP Human Development Report, 2019? In what way does the analysis go beyong income, average and present condition? Critically examine. 38 ;w,uMhih	 áweu	MsoyiesaV	fjiksVZ]	2019	dk	izeq[k	fo""k;	D;k	gS\	fo'ys""k.k	fdl	izdkj	vk;]	vkSlr	vkSj	orZeku fLFkfr	ds	vkxs	pyk	tkrk	gS\	vkykspukRed	leh{kk	dhft;sA",3,BPSC-64th-Mains-exam-GS-1.pdf,BPSC-SUB-01,"History, Art & Culture",0.78,two_pass_taxonomy_v1,Assigned default Subject domain based on general studies context; flagged for human review.,True,,
BPSC-Q-000192,2019,64th BPSC Mains,GS 1,Section I,8,38,English,Discuss the prospects of trade promotion between Afghanistan and India with the launching of New Export Route to and from India through Chabahar Port. 38 pkcgkj	 canjxkg	ls	gksus	okys	Hkkjr	ds	u;s	vk;kr&fu;kZr	ekxZ	ds	izekspu	ls	viQxkfuLrku	vkSj	Hkkjr	ds	chp	O;kikj izksRlkgu	dh	laHkkoukvksa	dh	foospuk	dhft;sA,3,BPSC-64th-Mains-exam-GS-1.pdf,BPSC-SUB-01,"History, Art & Culture",0.78,two_pass_taxonomy_v1,Assigned default Subject domain based on general studies context; flagged for human review.,True,,
BPSC-Q-000193,2019,64th BPSC Mains,GS 1,Section I,9,38,English,"Critically examine the key variables that support well-being as per the United Nationsl Sustainable Development Solutions Network. 38 la;qDr	 jk""Vª	fVdkÅ	fodkl	lekèkku	usVodZ	ds	vuqlkj	lq[knkf;rk	ds	leFkZd	izeq[k	lwpdksa	dh	leh{kkRed	vkykspuk dhft;sA",3,BPSC-64th-Mains-exam-GS-1.pdf,BPSC-SUB-01,"History, Art & Culture",0.78,two_pass_taxonomy_v1,Assigned default Subject domain based on general studies context; flagged for human review.,True,,
BPSC-Q-000194,2019,64th BPSC Mains,GS 1,Section I,10,38,English,"Why does India has an open-door policy with Nepal and Bhutan as regards free movement of people between the two nations? Explain. 38 nks	 jk""Vªksa	ds	chp	yksxksa	ds	eqDr	vkokxeu	dk	tgk¡	rd	loky	gS]	Hkkjr	us	usiky	vkSj	HkwVku	ds	lkFk	eqDr	}kj	uhfr D;ksa	viuk;k	gS\	le>kb,A",3,BPSC-64th-Mains-exam-GS-1.pdf,BPSC-SUB-01,"History, Art & Culture",0.78,two_pass_taxonomy_v1,Assigned default Subject domain based on general studies context; flagged for human review.,True,,
BPSC-Q-000195,2019,64th BPSC Mains,GS 1,Section I,11,38,English,"Discuss the UAE's invitation for India as a Guest of Honour to attend the OIC Foreign Ministers Meet as a signal change in geopolitical dynamics. 38 Hkwjktdh;	 xfr'khyrk	esa	lkadsfrd	ifjorZu	ds	:i	esa	vksvkbZlh	ds	fons'k	eaf=k;ksa	ds	lEesyu	esa	Hkkx	ysus	ds	fy;s Hkkjr	dks	vfrfFk&fo'ks""k	ds	:i	esa	;w,bZ	ds	fuea=k.k	dk	foospu	dhft;sA [kaM&III/Section-III",3,BPSC-64th-Mains-exam-GS-1.pdf,BPSC-SUB-01,"History, Art & Culture",0.78,two_pass_taxonomy_v1,Assigned default Subject domain based on general studies context; flagged for human review.,True,,
BPSC-Q-000196,2019,64th BPSC Mains,GS 1,Section I,12,38,English,"The following charts depict the distribution of overseas tourists from India to various countries and also the age distribution of trourists from India during the year 2017: 38 (a)	 If	 amogest	the	European	Union,	Switzerland	accounts	for	25%	of	trourists	traffic	and	it	is	known from	official	Swiss	records	that	a	total	of	4	lakh	Indian	trourists	visited	Switzerland	during	the	year 2017, then how many total number of Indian trourists in the age group of 40-49 years went abrorad from India during the year 2017? (b) If the total number of trourists of age group 30-49 is 2400000, what is the number of tourists who are more than 60 years of age? (c) If total number of Indian trourists who went to China more than 40 years of age, was 360000 constituted 30% of total tourists to China, then how many tourists of other age groups went to China?",3,BPSC-64th-Mains-exam-GS-1.pdf,BPSC-SUB-01,"History, Art & Culture",0.78,two_pass_taxonomy_v1,Assigned default Subject domain based on general studies context; flagged for human review.,True,,
BPSC-Q-000198,2019,64th BPSC Mains,GS 1,Section I,14,38,English,"The following graph shows the populations of three countreis during the years 2012-17: 38 (a) What percent of total population is accounted by the country A in the year 2017? (b) If the sex ratios of countries B and C in the year 2016 were 106.5 and 105.2, what is the number of females in these countries? (c) If the number of females in the country A in the year 2014 is 21.25 crores, what is the sex ratio of country A in the year 2017? (d) Which year recorded the maximum growth of population in three countries? (e) Which year recorded the minimum growth of the population? fuEu	js[kkfp=k	o""kZ	 2012-17	ds	nkSjku	rhu	ns'kksa	dh	tula[;k	dks	n'kkZrk	gS% (d)	 o""kZ	 2017	esa	ns'k	A	dh	tula[;k]	dqy	tula[;k	dk	fdruk	izfr'kr	gS\ ([k)	 ;fn	 ns'kksa	B	vkSj	C	esa	o""kZ	2016	esa	fyax	vuqikr	106.5	vkSj	105.2	Fks]	rks	bu	ns'kksa	esa	fL=k;ksa	dh	la[;k fdruh	gS\",6,BPSC-64th-Mains-exam-GS-1.pdf,BPSC-SUB-01,"History, Art & Culture",0.78,two_pass_taxonomy_v1,Assigned default Subject domain based on general studies context; flagged for human review.,True,,
BPSC-Q-000203,2019,64th BPSC Mains,GS 2,Section I,4,38,English,"""Too many political parties are the bane of Indian politics."" Explain this fact in the context of Bihar. 38 ¶cgqr	 vfèkd	jktuSfrd	ny	Hkkjrh;	jktuhfr	ds	fy;s	vfHk'kki	gSaA¸	bl	rF;	dks	fcgkj	ds	ifjizs{;	esa	Li""V	dhft;sA [kaM&II/Section-II",2,BPSC-64th-Mains-exam-GS-2.pdf,BPSC-SUB-01,"History, Art & Culture",0.78,two_pass_taxonomy_v1,Assigned default Subject domain based on general studies context; flagged for human review.,True,,
BPSC-Q-000204,2019,64th BPSC Mains,GS 2,Section I,5,38,English,Critically examine theneed of 'food security' in India. 38 Hkkjr	esa	^[kk|	lqj{kk*	dh	vko';drk	dk	vkykspukRed	ijh{k.k	dhft;sA,2,BPSC-64th-Mains-exam-GS-2.pdf,BPSC-SUB-01,"History, Art & Culture",0.78,two_pass_taxonomy_v1,Assigned default Subject domain based on general studies context; flagged for human review.,True,,
BPSC-Q-000206,2019,64th BPSC Mains,GS 2,Section I,7,38,English,Evaluate the principal achievements of Indian economic planning. 38 Hkkjrh;	vkfFkZd	fu;kstu	dh	eq[;	miyfCèk;ksa	dk	ewY;kadu	dhft;sA,2,BPSC-64th-Mains-exam-GS-2.pdf,BPSC-SUB-01,"History, Art & Culture",0.78,two_pass_taxonomy_v1,Assigned default Subject domain based on general studies context; flagged for human review.,True,,
BPSC-Q-000207,2019,64th BPSC Mains,GS 2,Section I,8,38,English,"""Unless the growth of population in checked in India, the economic development cannot be judged in its true perspective."" Examine the statement. 38 ¶tc	 rd	Hkkjr	esa	tula[;k	o`f¼	vo#¼	ugha	dh	tkrh]	rc	rd	vkfFkZd	fodkl	dks	mlds	lgh	:i	esa	ugha	ns[kk tk	ldrkA¸	bl	dFku	dk	ijh{k.k	dhft;sA [kaM&III / Section-III",3,BPSC-64th-Mains-exam-GS-2.pdf,BPSC-SUB-01,"History, Art & Culture",0.78,two_pass_taxonomy_v1,Assigned default Subject domain based on general studies context; flagged for human review.,True,,
BPSC-Q-000208,2019,64th BPSC Mains,GS 2,Section I,9,36,English,"Despite	 the	fact	that	India	has	got	a	very	good	network	of	rivers,	there	are	several	regions	that	suffer	water shortage and particularly potable water. Discuss the role of science and technology in water management to address this problem citing examples. 36 Hkkjr	 esa	ufn;ksa	dk	lqn`<+	tky	gksus	ds	ckn	Hkh	dbZ	,sls	{ks=k	gSa]	tks	tykiwfrZ	vkSj	fo'ks""k	:i	ls	is;ty	dh	deh ls	tw>	jgs	gSaA	bl	leL;k	ds	lekèkku	gsrq	ty	izcaèku	esa	foKku	,oa	izkS|ksfxdh	dh	Hkwfedk	dh	lksnkgj.k	foospuk dhft;sA",3,BPSC-64th-Mains-exam-GS-2.pdf,BPSC-SUB-01,"History, Art & Culture",0.78,two_pass_taxonomy_v1,Assigned default Subject domain based on general studies context; flagged for human review.,True,,
BPSC-Q-000209,2019,64th BPSC Mains,GS 2,Section I,10,36,English,"With ever-rising electricity demand and depleting convetional energy resources, country is facing acture power shortage at present. Describe in detial the means provided by present-day science and technology to overcome the grueling energy demands. 36 fo|qr	 [kir	dh	c<+rh	ek¡x	,oa	yxkrkj	?kVrs	ikjaifjd	ÅtkZ	lzksrksa	ds	dkj.k	ns'k	orZeku	esa	fo|qr	ÅtkZ	dh	deh ls	tw>	jgk	gSA	bl	fodV	ÅtkZ	[kir	ek¡x	dks	fu;af=kr	djus	ds	fy;s	orZeku	esa	foKku	,oa	izkS|ksfxdh	}kjk	iznÙk ekè;eksa	dk	foLrkj	ls	o.kZu	dhft;sA",3,BPSC-64th-Mains-exam-GS-2.pdf,BPSC-SUB-01,"History, Art & Culture",0.78,two_pass_taxonomy_v1,Assigned default Subject domain based on general studies context; flagged for human review.,True,,
BPSC-Q-000210,2019,64th BPSC Mains,GS 2,Section I,11,36,English,"Present-day	 government	is	trying	to	develop	smart	cities	in	different	States.	What	are	your	visions	about smart. cities? Elucidate the role of sciene and technology in the development of ideal smart cities. 36 orZeku	 ljdkj	fofHkUu	jkT;ksa	esa	LekVZ	'kgj	fodflr	djus	ds	fy;s	iz;kljr	gSA	LekVZ	'kgjksa	ds	ckjs	esa	vkidh	D;k ifjdYiuk,¡	gSa\	vkn'kZ	LekVZ	'kgj	ds	fodkl	esa	foKku	,oa	izkS|ksfxdh	dh	Hkwfedk	dh	O;k[;k	dhft;sA",3,BPSC-64th-Mains-exam-GS-2.pdf,BPSC-SUB-01,"History, Art & Culture",0.78,two_pass_taxonomy_v1,Assigned default Subject domain based on general studies context; flagged for human review.,True,,
BPSC-Q-000211,2019,64th BPSC Mains,GS 2,Section I,12,36,English,"Manifold increase of population and non-planning has led to disproportionate garbage generation. Discuss the	different	types	of	wastes.	How	can	the	country	eradicate	this	problem	with	the	help	of	science	and technology Describe in detial. 36 tula[;k	 esa	cgqeq[kh	o`f¼	,oa	v&;kstuk	ds	iQyLo:i	vlaxr	dpjk	mRiUu	gqvk	gSA	fofHkUu	izdkj	ds	dpjs	dh foopsuk	dhft;sA	bl	leL;k	dks	ns'k	fdl	izdkj	foKku	,oa	izkS|ksfxdh	dh	lgk;rk	ls	nwj	dj	ldrk	gS\	foLrkj ls	o.kZu	dhft;sA",3,BPSC-64th-Mains-exam-GS-2.pdf,BPSC-SUB-01,"History, Art & Culture",0.78,two_pass_taxonomy_v1,Assigned default Subject domain based on general studies context; flagged for human review.,True,,
BPSC-Q-000214,2020,65th BPSC Mains,GS 1,Section I,1858,,English,1914 	ds	nkSjku	fcgkj	esa	ik'pkR;	f'k{kk	ds	laizlkj	dk	o.kZu	dhft;sA,2,BPSC-65th-Mains-Exam-GS-1.pdf,BPSC-SUB-01,"History, Art & Culture",0.78,two_pass_taxonomy_v1,Assigned default Subject domain based on general studies context; flagged for human review.,True,,
BPSC-Q-000219,2020,65th BPSC Mains,GS 1,Section I,6,38,English,"fuEufyf[kr	esa	ls	fdUgha	nks	ij	laf{kIr	fVIif.k;k¡	fyf[k;s%	 19×2=38 (d)	MkW-	jktsaæ	izlkn	vkSj	jk""Vªh;	vkanksyu ([k)	tkfr	vkSj	èkeZ	ij	xk¡èkhth	ds	fopkj (x)	fcgkj	esa	nfyr	vkanksyu",2,BPSC-65th-Mains-Exam-GS-1.pdf,BPSC-SUB-01,"History, Art & Culture",0.78,two_pass_taxonomy_v1,Assigned default Subject domain based on general studies context; flagged for human review.,True,,
BPSC-Q-000220,2020,65th BPSC Mains,GS 1,Section I,7,38,English,"Discuss	the	pattern	of	globale	spread	of	Covid-19	pandemic	with	reference	to	the	international	migration and	trade.	 38 varjkZ""Vªh;	LFkkukarj.k	vkSj	O;kikj	ds	lanHkZ	esa	dksfoM& 19	egkekjh	ds	oSf'od	izlkj	ds	rjhds	dh	ppkZ	dhft;sA",3,BPSC-65th-Mains-Exam-GS-1.pdf,BPSC-SUB-01,"History, Art & Culture",0.78,two_pass_taxonomy_v1,Assigned default Subject domain based on general studies context; flagged for human review.,True,,
BPSC-Q-000221,2020,65th BPSC Mains,GS 1,Section I,8,38,English,"What	are	the	variables	of	the	World	Happiness	Report-2020?	Give	reasons	why	the	Nordic	countries	are considered	as	the	top	ranking	countries	in	the	world.	 38 fo'o	 [kq'kgkyh	fjiksVZ&2020	ds	foHksn	ds	D;k	gSa\	dkj.k	crkb,	fd	ukWfMZd	ns'kksa	dks	fo'o	esa	izFke&Lrjh;	ns'k	D;ksa ekuk	tkrk	gS\",3,BPSC-65th-Mains-Exam-GS-1.pdf,BPSC-SUB-01,"History, Art & Culture",0.78,two_pass_taxonomy_v1,Assigned default Subject domain based on general studies context; flagged for human review.,True,,
BPSC-Q-000223,2020,65th BPSC Mains,GS 1,Section I,10,38,English,Explain	the	socio-economic 	and	ecological 	implications	 of	Covid-19	 lockdown	 in	India	with examples.	 38 Hkkjr	esa	dksfoM& 19	ykWdMkmu	ds	lkekftd&vkfFkZd	vkSj	ikfjfLFkfrd	fufgrkFkks±	dh	lksnkgj.k	O;k[;k	dhft;sA,3,BPSC-65th-Mains-Exam-GS-1.pdf,BPSC-SUB-01,"History, Art & Culture",0.78,two_pass_taxonomy_v1,Assigned default Subject domain based on general studies context; flagged for human review.,True,,
BPSC-Q-000224,2020,65th BPSC Mains,GS 1,Section I,11,38,English,"""With	'Mission	 Shakti',	 India	becomes	the	fourth	largest	space	power	in	the	world.""	Discuss	this statement.	 38 ¶fe'ku	 'kfDr*	 ds	 lkFk	 Hkkjr	 fo'o	 dh	 pkSFkh	 lcls	 cM+h	 varfj{k	 'kfDr	 cu	 x;k	 gSA¸	 bl	 dFku	 ij	 ppkZ dhft;sA [kaM&III/Section-III",3,BPSC-65th-Mains-Exam-GS-1.pdf,BPSC-SUB-01,"History, Art & Culture",0.78,two_pass_taxonomy_v1,Assigned default Subject domain based on general studies context; flagged for human review.,True,,
BPSC-Q-000225,2020,65th BPSC Mains,GS 1,Section I,12,38,English,"Given	below	is	a	pie	diagram	of	population	pertaining	to	the	year	1998	and	the	table	pertaining	to	sex	and literacy-wise	population	ratio	of	different	States	of	India.	Read	these	carefully	and	give	answers	to	the questions	that	follow:	 38 TN 9% AP 25% MP 20% Delhi 8% Goa 12% Bihar 11% UP 15% States Sex and Literacy-wise Population Ratio Sex Literacy Male Female Literate Illiterate AP 5 3 2 7 MP 3 1 1 4 Delhi 2 3 2 1 Goa 3 5 3 2 Bihar 3 4 4 1 UP 3 2 7 2 TN 3 4 9 4 Total population of the given States = 32,76,000",3,BPSC-65th-Mains-Exam-GS-1.pdf,BPSC-SUB-01,"History, Art & Culture",0.78,two_pass_taxonomy_v1,Assigned default Subject domain based on general studies context; flagged for human review.,True,,
BPSC-Q-000226,2020,65th BPSC Mains,GS 1,Section I,13,,English,The	following	chart	shows	the	production	of	cars	in	thousands	for	different	companies	in	India.	Read	the multiple	bar	diagram	and	answer	the	questions	given	below: Production	of	Cars	for	2002-05	period	from	the	selected	manufactures 0 5 10 15 20 25 2002-03,4,BPSC-65th-Mains-Exam-GS-1.pdf,BPSC-SUB-01,"History, Art & Culture",0.78,two_pass_taxonomy_v1,Assigned default Subject domain based on general studies context; flagged for human review.,True,,
BPSC-Q-000227,2020,65th BPSC Mains,GS 1,Section I,2003,,Unknown,04,4,BPSC-65th-Mains-Exam-GS-1.pdf,BPSC-SUB-01,"History, Art & Culture",0.78,two_pass_taxonomy_v1,Assigned default Subject domain based on general studies context; flagged for human review.,True,,
BPSC-Q-000228,2020,65th BPSC Mains,GS 1,Section I,2004,,English,05 Honda GM Maruti HM Hyundai,4,BPSC-65th-Mains-Exam-GS-1.pdf,BPSC-SUB-01,"History, Art & Culture",0.78,two_pass_taxonomy_v1,Assigned default Subject domain based on general studies context; flagged for human review.,True,,
BPSC-Q-000229,2020,65th BPSC Mains,GS 1,Section I,2004,36,English,"05? (c)	 What	are	the	ratios	of	total	production	of	cars	during	the	successive	years? (d)	 In	 2005-06,	the	production	of	cars	by	Maruti	and	Hindustan	Motors	was	doubled,	while	for	all other	companies	the	production	remains	the	same.	What	is	the	percentage	increase	in	overall production?		 8+10+10+8=36 uhps	 nh	gqbZ	cgq'kykdk	ys[kkfp=k	esa	Hkkjr	dh	fofHkUu	daifu;ksa	dh	dkjksa	ds	mRiknu	(g”kkj	esa)	dks	n'kkZ;k	x;k	gSA bldk	vè;;u	dhft;s	rFkk	fuEufyf[kr	iz'uksa	ds	mÙkj	nhft;s% o""kZ	2002	ls	2005	rd	dh	vofèk	esa	pqus	gq, fuekZrkvksa	dh	dkjksa	dk	mRiknu 0 5 10 15 20 25 2002-03",5,BPSC-65th-Mains-Exam-GS-1.pdf,BPSC-SUB-01,"History, Art & Culture",0.78,two_pass_taxonomy_v1,Assigned default Subject domain based on general studies context; flagged for human review.,True,,
BPSC-Q-000230,2020,65th BPSC Mains,GS 1,Section I,2003,,Unknown,04,5,BPSC-65th-Mains-Exam-GS-1.pdf,BPSC-SUB-01,"History, Art & Culture",0.78,two_pass_taxonomy_v1,Assigned default Subject domain based on general studies context; flagged for human review.,True,,
BPSC-Q-000231,2020,65th BPSC Mains,GS 1,Section I,2004,,English,"05 gksaMk tujy eksVlZ fganqLrku eksVlZ gqaMbZek#rh (d)	 fdu	 daifu;ksa	ds	mRiknu	esa	fiNys	o""kZ	dh	rqyuk	esa	vfèkdre	vkSj	U;wure	izfr'kr	dh	o`f¼	rFkk	gkfu	gqbZ gS\	okLrfod	izfr'kr	dk	mYys[k	Hkh	dhft;sA ([k)	 ek#rh	vkSj	gksaMk	ds	 2003&04	vkSj	2004&05	o""kZ	ds	mRiknuksa	ds	varj	dk	vuqikr	D;k	gS\ (x)	 lrr	o""kks±	esa	dkjksa	ds	dqy	mRiknu	ds	vuqikr	D;k	gSa\ (?k)	 o""kZ	 2005&06	esa	ek#rh	,oa	fganqLrku	eksVlZ	dh	dkjksa	dk	mRiknu	nksxquk	gks	x;k]	tcfd	ckfd	daifu;ksa	dk mRiknu	vifjofrZr	jgkA	dqy	mRiknu	esa	fdrus	izfr'kr	dh	o`f¼	gqbZ\",5,BPSC-65th-Mains-Exam-GS-1.pdf,BPSC-SUB-01,"History, Art & Culture",0.78,two_pass_taxonomy_v1,Assigned default Subject domain based on general studies context; flagged for human review.,True,,
BPSC-Q-000232,2020,65th BPSC Mains,GS 1,Section I,14,38,English,Study	the	following	graphs	and	answer	the	questions	given	below:	 38,5,BPSC-65th-Mains-Exam-GS-1.pdf,BPSC-SUB-01,"History, Art & Culture",0.78,two_pass_taxonomy_v1,Assigned default Subject domain based on general studies context; flagged for human review.,True,,
BPSC-Q-000233,2020,65th BPSC Mains,GS 1,Section I,2005,,English,"06? (b)	 In	how	many	hectares,	the	cotton	was	grown	in	2009-10	and	2010-11? (c)	 In	 which	year,	the	cotton	production	has	shown	maximum	percentage	decrease	as	compared	to	last year? (d)	 In	 which	year,	the	cotton	has	shown	maximum	percentage	increase	in	productivity	as	compared	to last	year? (e)	 In	which	year	cotton	cultivation	area	was	the	lowest	and	how	much	percentage	of	maximum	area? (f)	 Assuming	 cotton	price	as	`	1250	per	quintal,	what	would	have	been	the	income	of	a	farmer	who	had 5	hectares	of	cotton	area	in	2008-09? uhps	fn;s	gq,	xzkiQ	dk	voyksdu	dhft;s	vkSj	fn;s	gq,	iz'uksa	ds	mÙkj	nhft;s%",6,BPSC-65th-Mains-Exam-GS-1.pdf,BPSC-SUB-01,"History, Art & Culture",0.78,two_pass_taxonomy_v1,Assigned default Subject domain based on general studies context; flagged for human review.,True,,
BPSC-Q-000234,2020,65th BPSC Mains,GS 1,Section I,15,38,English,"Study		the	following	line	graph	which	gives	the	number	of	students	who	joined	and	left	the	school	in	the begining	of	the	year	for	six	years	from	1996	to	2001.	Initial	strength	of	the	school	in	1995	was	3000. Answer	the	questions	based	on	the	line	graph	given	below:	 38 (a)	 The	 number	of	students	studying	in	the	school	in	1998	was	what	percent	of	the	number	of	students studying	in	the	school	in	2001? (b)	 Find	 the	ratio	of	the	least	number	of	students	who	joined	the	school	to	the	maximum	number	of students	who	left	the	school	in	any	of	the	years	during	the	given	period. (c)	 During	which	year,	the	percentage	increase	in	the	strength	of	school	was	minimum? (d)	 What	was	the	percent	increase/decrease	in	the	number	of	students	from	1998	to	1999? (e)	 Find	 the	ratio	of	the	maximum	number	of	students	who	joined	the	school	to	the	minimum	number",7,BPSC-65th-Mains-Exam-GS-1.pdf,BPSC-SUB-01,"History, Art & Culture",0.78,two_pass_taxonomy_v1,Assigned default Subject domain based on general studies context; flagged for human review.,True,,
BPSC-Q-000237,2020,65th BPSC Mains,GS 2,Section I,3,38,English,"""The system of Indian Political Parties is not nationalistic but is individualistic."" Explain this fact in the context of Bihar State. 38 ¶Hkkjrh;	 jktuhfrd	nyh;	O;oLFkk	jk""VªksUeq[kh	u	gksdj	O;fDr&mUeq[kh	gSA¸	bl	rF;	dks	fcgkj	jkT;	ds	ifjizs{;	esa Li""V	dhft;sA",2,BPSC-65th-Mains-Exam-GS-2.pdf,BPSC-SUB-01,"History, Art & Culture",0.78,two_pass_taxonomy_v1,Assigned default Subject domain based on general studies context; flagged for human review.,True,,
BPSC-Q-000240,2020,65th BPSC Mains,GS 2,Section I,6,38,English,"Discuss the relevance of economic planning in India in the post-economic reform era. In this context, explain that how State and market can play a synergetic role in the economic development of the country. 38 Hkkjr	 esa	vkfFkZd	lqèkkjksa	ds	ckn	ds	dky	esa	vkfFkZd	fu;kstu	dh	izklafxdrk	dh	foospuk	dhft;sA	bl	lanHkZ	esa le>kb,	fd	fdl	izdkj	jkT;	vkSj	ck”kkj	ns'k	ds	vkfFkZd	fodkl	esa	,d	ldkjkRed	Hkwfedk	fuckg	ldrs	gSaA",2,BPSC-65th-Mains-Exam-GS-2.pdf,BPSC-SUB-01,"History, Art & Culture",0.78,two_pass_taxonomy_v1,Assigned default Subject domain based on general studies context; flagged for human review.,True,,
BPSC-Q-000242,2020,65th BPSC Mains,GS 2,Section I,8,38,English,"What are the main constraints in the rapid economic development of Bihar? How can these constraints be removed?  38 fcgkj	ds	rhoz	vkfFkZd	fodkl	esa	eq[;	ckèkk,¡	D;k	gSa\	bu	ckèkkvksa	dks	fdl	izdkj	nwj	fd;k	tk	ldrk	gS\ [kaM&III/Section-III",3,BPSC-65th-Mains-Exam-GS-2.pdf,BPSC-SUB-01,"History, Art & Culture",0.78,two_pass_taxonomy_v1,Assigned default Subject domain based on general studies context; flagged for human review.,True,,
BPSC-Q-000243,2020,65th BPSC Mains,GS 2,Section I,9,36,English,"In	 India,	'Make	in	India'	is	a	type	of	Swadeshi	Movement	launched	by	Modi	governement.	To	promote this movement, discuss the role of science and technology citing the examples in detail. 36 Hkkjr	 esa]	^esd	bu	bafM;k*	eksnh	ljdkj	}kjk	'kq:	fd;k	x;k	,d	izdkj	dk	Lons'kh	vkanksyu	gSA	bl	vkanksyu	dks xfr	nsus	ds	fy;s	foKku	,oa	izkS|ksfxdh	dh	Hkwfedk	dh	lksnkgj.k	foLrkj	ls	foospuk	dhft;sA",3,BPSC-65th-Mains-Exam-GS-2.pdf,BPSC-SUB-01,"History, Art & Culture",0.78,two_pass_taxonomy_v1,Assigned default Subject domain based on general studies context; flagged for human review.,True,,
BPSC-Q-000244,2020,65th BPSC Mains,GS 2,Section I,10,36,English,"In the present scenario, the key issues of the counrty are: ""Increasing population, higher health risks, degraded	natural	resources	and	dwindling	farm	lands"".	Discuss	at	least	four	scientific	initiatives	on	each of the four areas that you would like to apply. 36 orZeku	 ifjn`';	esa]	ns'k	ds	izeq[k	eqís	gSa%	¶c<+rh	gqbZ	tula[;k]	mPp	LokLF;	tksf[ke]	?kVrs	gq,	izkÑfrd	lalkèku vkSj	?kVrh	tk	jgh	Ñf""k	Hkwfe¸A	bu	pkjksa	{ks=kksa	esa	ls	izR;sd	ds	fy;s	de&ls&de	pkj	oSKkfud	iz;klksa	dh	ppkZ dhft;s]	ftUgsa	vki	ykxw	djuk	pkgsaxsA",3,BPSC-65th-Mains-Exam-GS-2.pdf,BPSC-SUB-01,"History, Art & Culture",0.78,two_pass_taxonomy_v1,Assigned default Subject domain based on general studies context; flagged for human review.,True,,
BPSC-Q-000246,2020,65th BPSC Mains,GS 2,Section I,12,36,English,"Discuss, in detail, what role can science and technology play to control the job crisis situation and to sustain the development of the nation due to Covid-19 situation. 36 dksfoM& 19	dh	fLFkfrd	ds	dkj.k	mRiUu	gqbZ	ukSdfj;ksa	ij	ladV	dh	fLFkfr	dks	fu;af=kr	djus	rFkk	jk""Vª	ds	fodkl dh	xfr	dks	cuk,	j[kus	ds	fy;s	foKku	vkSj	izkS|ksfxdh	D;k	Hkwfedk	fuHkk	ldrs	gSa]	bl	ij	foLrkj	ls	ppkZ	dhft;sA",3,BPSC-65th-Mains-Exam-GS-2.pdf,BPSC-SUB-01,"History, Art & Culture",0.78,two_pass_taxonomy_v1,Assigned default Subject domain based on general studies context; flagged for human review.,True,,
BPSC-Q-000247,2020,66th BPSC Mains,GS 2,Section I,77,,English,"II Time Allowed: 3 hours Maximum Marks : 300 H4: 3 qu2 T: 30o Instructions: The figures in the margin indicate full marks. Answer eight questions, selecting three each from Section-I and Section-II, and two from Section-III. Candidates are required to give their answers in their own words as far as practicable. All questions have been printed both in Hindi and English. In case of any ambiguity in Hindi version, the English version shall be considered authentic. Parts of the same question must be answered together and must not be interposed between answers to other questions. JT-21/59 ( Turn Over)",2,(2020)66thMainsGS2.pdf,BPSC-SUB-01,"History, Art & Culture",0.78,two_pass_taxonomy_v1,Assigned default Subject domain based on general studies context; flagged for human review.,True,,
BPSC-Q-000249,2020,66th BPSC Mains,GS 2,Section I,3,38,English,"The uneven development of IndiaF States has created many socio-economic and political problems."" Critically analyse the statement with special reference to Bihar. 38 01/FF/Cc/M2021-03/59 (Continued )",3,(2020)66thMainsGS2.pdf,BPSC-SUB-01,"History, Art & Culture",0.78,two_pass_taxonomy_v1,Assigned default Subject domain based on general studies context; flagged for human review.,True,,
BPSC-Q-000250,2020,66th BPSC Mains,GS 2,Section I,4,,Unknown,,5,(2020)66thMainsGS2.pdf,BPSC-SUB-01,"History, Art & Culture",0.78,two_pass_taxonomy_v1,Assigned default Subject domain based on general studies context; flagged for human review.,True,,
BPSC-Q-000252,2020,66th BPSC Mains,GS 2,Section I,5,36,English,SECTION-III TUS-III India is the second worst affected Covid-19 nation in the world. A fast vaccination process along with social distancing and mask use is the only solution to overcome the deadly virus. Describe the role played byy our nation in countering Covid-19 situation keeping in view the Make in India concept propounded by the Prime Minister. 36 (Turn Over ) 01/FF/Cc/M-2021-03/59,6,(2020)66thMainsGS2.pdf,BPSC-SUB-01,"History, Art & Culture",0.78,two_pass_taxonomy_v1,Assigned default Subject domain based on general studies context; flagged for human review.,True,,
BPSC-Q-000253,2020,66th BPSC Mains,GS 2,Section I,6,,English,"10 At present, search of life on another planet has been one of the objectives of scientists of several nations around the world. Discuss the developments of India in space research towards this objective particularly in the 36 21st century.",7,(2020)66thMainsGS2.pdf,BPSC-SUB-01,"History, Art & Culture",0.78,two_pass_taxonomy_v1,Assigned default Subject domain based on general studies context; flagged for human review.,True,,
BPSC-Q-000254,2020,66th BPSC Mains,GS 2,Section I,11,36,English,"""India has augered its defence system through inclusion of variety of arsenals under Make in India programme for its safety and security."" Justify this statement on the basis of scientific developments in defence technology. 36 01/FF/Cc/M-2021-03/59 (Continued)",7,(2020)66thMainsGS2.pdf,BPSC-SUB-01,"History, Art & Culture",0.78,two_pass_taxonomy_v1,Assigned default Subject domain based on general studies context; flagged for human review.,True,,
BPSC-Q-000255,2020,66th BPSC Mains,GS 2,Section I,7,,Unknown,,8,(2020)66thMainsGS2.pdf,BPSC-SUB-01,"History, Art & Culture",0.78,two_pass_taxonomy_v1,Assigned default Subject domain based on general studies context; flagged for human review.,True,,
BPSC-Q-000266,2025,70th BPSC Mains,GS 1,Section I,4,,English,"Answer the fol!owing questions : f.fCilcliGct �-!;ij � 3m � : Section -11 �-II (a) Discuss the direction of unity and coalition politics of opposition parties-··- ,. � defeat of Aam Aadmi Party in Delhi Assembly Elections, 2025. - ,.,.. ,,.,. ,..., ,. ,... ,-..... 3itt � � ll3Hlld ��TR� F.611 :il( I (b} Rassia-Ukraine war has completed three years. Throwing light on the cau-C85 this war, and discuss its effects on the Wortd politics . ... -1:l-1?h;J q-4;_ � m;J qt{ � iT TTll, � I � 1-2; . q1 6fi1JOO � �'"".fil!JI � ::'·· �·· �f{g � U-1;f1fr1 tIT. 4$4 q@ '!nilql q1l � 6h°1f.:10. I (c) Maha Kumbh Fair was organized in India from Monday, 13 January, 2025 26 February, 2025. How was this fair a symbol of Indian culture, religiot.JS -� and social harmony ? E plain 1ith example . 'qp;f ii lijqql{, 13 JH4ll, 20257:t 26 lfr'ct't, 2 025 � -qm ¥tl iri-J �� • r • r � lct)�I 1Tm I � liffi tllkilil ti' -'f, tj, t11f4•.f. fo�f.11':1 3W"" ':041f k-h 1140-PTI q, • • � r I"" � �: . 3i:1t.rn1 ffif.ii n.:r'< 4:1f:;1u_ I (2) (",3,70th_BPSC_Mains_General_Studies_1.pdf,BPSC-SUB-01,"History, Art & Culture",0.78,two_pass_taxonomy_v1,Assigned default Subject domain based on general studies context; flagged for human review.,True,,
BPSC-Q-000269,2025,70th BPSC Mains,GS 1,Section I,55,,Unknown,,5,70th_BPSC_Mains_General_Studies_1.pdf,BPSC-SUB-01,"History, Art & Culture",0.78,two_pass_taxonomy_v1,Assigned default Subject domain based on general studies context; flagged for human review.,True,,
BPSC-Q-000270,2025,70th BPSC Mains,GS 1,Section I,60,,Unknown,,5,70th_BPSC_Mains_General_Studies_1.pdf,BPSC-SUB-01,"History, Art & Culture",0.78,two_pass_taxonomy_v1,Assigned default Subject domain based on general studies context; flagged for human review.,True,,
BPSC-Q-000271,2025,70th BPSC Mains,GS 1,Section I,75,,English,80 i-- 78 i.-- (4) ( Continued 1 ',5,70th_BPSC_Mains_General_Studies_1.pdf,BPSC-SUB-01,"History, Art & Culture",0.78,two_pass_taxonomy_v1,Assigned default Subject domain based on general studies context; flagged for human review.,True,,
BPSC-Q-000272,2025,70th BPSC Mains,GS 1,Section I,60,6,English,"E so 40 30 0 20 c.. 10 62 35 2002 VZl Paddy □ Wheat O Maize 70 48 I\ 15 35 2003 2004 Year 86 2005 6 � � � (q@I�� � �-q qf;f 2002B 2005� t:ttR tA �-tn;r, � � � � 3?410 (z;i -q) � � i I ffi � 'UlH'{_cfi:h 3l'O.{cR ch'lf-i!� � � � � �����: 90 80 70 62 - 60 R; so -, :�20 10 2002 48 35 2003 qf;{ □� 70 35 2004 86 55 :\::::::::: 42 2005 ( a) What is the ratio of total production of paddy, wheat and maize in the countrY i during the year 2002 to 2005 ? ! 1 � -q qq 2002 ""B 2005 � � �, � 3fn: llffi � � 3fCW;� cpl � � ( 6) . 6dl ( conunu",7,70th_BPSC_Mains_General_Studies_1.pdf,BPSC-SUB-01,"History, Art & Culture",0.78,two_pass_taxonomy_v1,Assigned default Subject domain based on general studies context; flagged for human review.,True,,
BPSC-Q-000273,2025,70th BPSC Mains,GS 1,Section I,8,8,English,"The following pie-charts represent the expenditure _(in ru�ees) of two families A and8 Study the charts carefully and answer the questions given below th . em. FamilY A 30 ooo) (Total Expenditure : Rs. Family B (Total Expenditure : Rs 45 • ,000) (7) 8 8 8 I • • 02/GQ/CC/M-2O25 - 02 ( Tur.n O • ver J",8,70th_BPSC_Mains_General_Studies_1.pdf,BPSC-SUB-01,"History, Art & Culture",0.78,two_pass_taxonomy_v1,Assigned default Subject domain based on general studies context; flagged for human review.,True,,
BPSC-Q-000275,2025,70th BPSC Mains,GS 2,,2,,English,"·(a) Trace the Evolution of Political Parties in India from one party dominance to the era of Coalition Governments. Has the coalition politics undermined the authority of the Prime Minister in India ? Give reasons. 19+ 19= m«T if � -cnif � � � � �q;f �(cf>IU � � (fen (1-iJ;fl�ct, zyIT � f°tjcf>m cf)T {j'""(fJ � I ��<ft (1'31.ftfa ;\' m«f if mlR 1f;ft � � cf)l cf>4'111( � � ? � � I Ori 3l2TcfT ( Turn Ovt",2,70th_BPSC_Mains_General_Studies_2.pdf,BPSC-SUB-01,"History, Art & Culture",0.78,two_pass_taxonomy_v1,Assigned default Subject domain based on general studies context; flagged for human review.,True,,
BPSC-Q-000277,2025,70th BPSC Mains,GS 2,,4,8,English,"Write short answer of the fol/owing questions : f:lqfflf@a >fHf � � 3W R-!f@Q, (a) Explain the climatic conditions and mechanism of winter rainfall in India with their spatial spread. 8 m«r # �0ctchlc41➔ � ctr '1icic!IS � 3lh: (f;f cn1 � � �fal{ � � B4$H� I (b) Discuss the environmental and economic benefits of mangrove forest cover along the Indian coast with examples. 8 �Hffi24 oc if, m21 � q;r 3TTcRUT � q;qfq{o0.q 3ltt 3nm � -q""{ 3�1�{ori � ��en{ (c) What are the suitable geographical conditions. for the cultivation of major types of millets in India ? Explain with examples. 8 m«f-q � ""5(cf)f{ � fik�c;_� �;@""ITT�� 34�cfd �lnG-tcfi �� � ? 3�H5{on � W21 �A$11� I ( 2) ( Continued) ◄",3,70th_BPSC_Mains_General_Studies_2.pdf,BPSC-SUB-01,"History, Art & Culture",0.78,two_pass_taxonomy_v1,Assigned default Subject domain based on general studies context; flagged for human review.,True,,
BPSC-Q-000278,2025,70th BPSC Mains,GS 2,,6,,English,"(a) Discuss the ca uses and consequences of the out migration of pop�lation from Bihar and the mea sures taken by the State to stabilize the popu lation. � it �H�@I � 4Mlll-l � cnRUTT 3fu: qf{o11ifi o4T '11--IB&II cf>l' @R � � �����""Jlllm""CR�� Or/JWc11 (b) Examine the ecological and economic benefits of solar e nergy generation in India with suitable examples. 'm«f if � � 3,41�-i � � � � � � � 34¥d 3<!_16(0TI �""ffi2Tcf;{ I Section - Ill �- Ill",4,70th_BPSC_Mains_General_Studies_2.pdf,BPSC-SUB-01,"History, Art & Culture",0.78,two_pass_taxonomy_v1,Assigned default Subject domain based on general studies context; flagged for human review.,True,,
BPSC-Q-000573,2023,68th BPSC Prelims,GS Prelims,,1,,English,This Question Booklet contains 150 t' . 11 ques 10ns ma . 2. All questions carry equal marks.,2,68th bpsc pre.pdf,BPSC-SUB-01,"History, Art & Culture",0.78,two_pass_taxonomy_v1,Assigned default Subject domain based on general studies context; flagged for human review.,True,,
BPSC-Q-000574,2023,68th BPSC Prelims,GS Prelims,,3,,English,"Immediately after commencement of the examination you should check up your QuestionBooklet and ensure that the Question Booklet Series is' printed on the top right-hand cornerof the Booklet. Please check that the Booklet contains 48 printed pages including rn:0 pagesage Nos. the space provided on of your Answer Sheet If correct series of your Question Booklet, your Aaswer Sheet will not be evaluated correctly. Questions and their responses are printed in English and Hindi versions in this Booklet. Each question comprise s of five responses-{A), (B), (C), (D) and (E). You are to select ONLY ONE correct response and mark it in your Answer Sheet. Your total marks will depend on the number of correct responses marked by you i n the Answer Sheet.",2,68th bpsc pre.pdf,BPSC-SUB-01,"History, Art & Culture",0.78,two_pass_taxonomy_v1,Assigned default Subject domain based on general studies context; flagged for human review.,True,,
BPSC-Q-000575,2023,68th BPSC Prelims,GS Prelims,,9,,English,"In the Answer Sheet, there are five circles-{A), (B), (C), (D) and (E) against each question. To answer the questions you a�e to mark with Black/Blue ink ballpoint pc� ONLY ONE. c�rcle of your choice for each question. Select only <?ne response for e�ch question and mark 1t m your Answer Sheet. If you mark more than one circle for one question, the answer will be treated as wrong. Use Black/Blue ink ballpoint pen only to �ark the answer in the Answer Sheet. Any erasure or change is not allowed.",2,68th bpsc pre.pdf,BPSC-SUB-01,"History, Art & Culture",0.78,two_pass_taxonomy_v1,Assigned default Subject domain based on general studies context; flagged for human review.,True,,
BPSC-Q-000576,2023,68th BPSC Prelims,GS Prelims,,10,,English,"For each question for which a wrong �nsw d er/m th ore than �me a_n 11 swer has been given by the candidates, one-fourth of the marks ass1gne to· at question w1 be deducted as penalty. 11 You should not remove or tear off any sheet from the Question Booklet. You are not allowed to• take this Question Booklet a nd the Answer Sheet out of the Examination Hall during the examination. After the examination bas c�ncluded, you muSt hand 0"".er yowr Answer Sheet to the Invigilator. Thereafter, you are permi�ed to t�ke aw_ay the Question Booklet with you.",2,68th bpsc pre.pdf,BPSC-SUB-01,"History, Art & Culture",0.78,two_pass_taxonomy_v1,Assigned default Subject domain based on general studies context; flagged for human review.,True,,
BPSC-Q-000577,2023,68th BPSC Prelims,GS Prelims,,12,,English,"Failure to comply with any of the �hove mSl_ruc�ions :V111 render you liable to such action or penalty as the Commission may decide at their discretion. BPSC 68th Prelims Question Paper PDF - SET B •• (Ptom or repeated 46 Booklet an. d If 47)· for Rough Work ect and in 00 this page Booklet, or get question it is replaced missing or immediately unprmted by or acomplete of the you same find any series def ..",2,68th bpsc pre.pdf,BPSC-SUB-01,"History, Art & Culture",0.78,two_pass_taxonomy_v1,Assigned default Subject domain based on general studies context; flagged for human review.,True,,
BPSC-Q-000578,2023,68th BPSC Prelims,GS Prelims,,4,,English,If vers10n th7re is any s_ort of !l)i t of English and Hindi,2,68th bpsc pre.pdf,BPSC-SUB-01,"History, Art & Culture",0.78,two_pass_taxonomy_v1,Assigned default Subject domain based on general studies context; flagged for human review.,True,,
BPSC-Q-000579,2023,68th BPSC Prelims,GS Prelims,,5,,Unknown,,2,68th bpsc pre.pdf,BPSC-SUB-01,"History, Art & Culture",0.78,two_pass_taxonomy_v1,Assigned default Subject domain based on general studies context; flagged for human review.,True,,
BPSC-Q-000580,2023,68th BPSC Prelims,GS Prelims,,6,,English,"s of the questions s , take the either Englis of h vers printing ion or will of be factual treated nature, as standa then ou rd. You anything �ust else write on your the Que Roll stion Number Boo in klet. the space provided on the top of this page. Do not write An must Ans wnte �er your Sheet will Name, be s Roll upplied Num to you separately by the Invigilator to ot mark the particulars answers. in You the space provided on Page-2 of the ber, Answer Question Sheet Booklet provided, Series failing and which her your Answer Sheet will· not be evaluated.",2,68th bpsc pre.pdf,BPSC-SUB-01,"History, Art & Culture",0.78,two_pass_taxonomy_v1,Assigned default Subject domain based on general studies context; flagged for human review.,True,,
BPSC-Q-000581,2023,68th BPSC Prelims,GS Prelims,,7,,English,"You should encode your Roll Number and the Question Booklet Series A, B, C or D as it is printed on the top right-ha Page-2 nd comer of the Question Booklet you do with not Black/ encode Blue or ink fail to ballpoint encode pen the in",2,68th bpsc pre.pdf,BPSC-SUB-01,"History, Art & Culture",0.78,two_pass_taxonomy_v1,Assigned default Subject domain based on general studies context; flagged for human review.,True,,
BPSC-Q-000582,2023,68th BPSC Prelims,GS Prelims,,8,,Unknown,,2,68th bpsc pre.pdf,BPSC-SUB-01,"History, Art & Culture",0.78,two_pass_taxonomy_v1,Assigned default Subject domain based on general studies context; flagged for human review.,True,,
BPSC-Q-000583,2023,68th BPSC Prelims,GS Prelims,,1,,English,"�t��,��� i�����t�t ���� (A)� (B) � (C) cfilflEt�",4,68th bpsc pre.pdf,BPSC-SUB-01,"History, Art & Culture",0.78,two_pass_taxonomy_v1,Assigned default Subject domain based on general studies context; flagged for human review.,True,,
BPSC-Q-000584,2023,68th BPSC Prelims,GS Prelims,,6,,English,"20 ""Bo lfto � ctt � � � � � � 1R � � � 51@�l-4 � � � � � ll ""ch@ ""{11 � � � � � t1 � 51 Rt �l-4 � ""ITT11T? (D) ·-q���� (E) •-q��·�",4,68th bpsc pre.pdf,BPSC-SUB-01,"History, Art & Culture",0.78,two_pass_taxonomy_v1,Assigned default Subject domain based on general studies context; flagged for human review.,True,,
BPSC-Q-000585,2023,68th BPSC Prelims,GS Prelims,,2,,English,": � � 'ktt<lf'l;<,-� 'Tii:R, (A) � 3lR cf,qq; (A) cfill��1%� (B) ""cfi@l��1%� (C) qi""@)����",4,68th bpsc pre.pdf,BPSC-SUB-01,"History, Art & Culture",0.78,two_pass_taxonomy_v1,Assigned default Subject domain based on general studies context; flagged for human review.,True,,
BPSC-Q-000586,2023,68th BPSC Prelims,GS Prelims,,D,,English,"ll""B�""B �",4,68th bpsc pre.pdf,BPSC-SUB-01,"History, Art & Culture",0.78,two_pass_taxonomy_v1,Assigned default Subject domain based on general studies context; flagged for human review.,True,,
BPSC-Q-000587,2023,68th BPSC Prelims,GS Prelims,,E,,English,"lf""B�� (B) � � ��{{41 (C) � 3lR � (D) •-q����",4,68th bpsc pre.pdf,BPSC-SUB-01,"History, Art & Culture",0.78,two_pass_taxonomy_v1,Assigned default Subject domain based on general studies context; flagged for human review.,True,,
BPSC-Q-000588,2023,68th BPSC Prelims,GS Prelims,,7,,English,"��""ffta:urcn�IDURmfuf cf?t�t? (A)��� � \ 3. � o_-1'1ftbcil'Jf c€l � ��cm ""B 3lWl � � . (A) 31tT:�����1R , (B) 31tT=� � m� � ""cfi1lJT 1R (B) ��� (C) � � at,,�b!f",4,68th bpsc pre.pdf,BPSC-SUB-01,"History, Art & Culture",0.78,two_pass_taxonomy_v1,Assigned default Subject domain based on general studies context; flagged for human review.,True,,
BPSC-Q-000589,2023,68th BPSC Prelims,GS Prelims,,D,,English,-ij��-e·�,4,68th bpsc pre.pdf,BPSC-SUB-01,"History, Art & Culture",0.78,two_pass_taxonomy_v1,Assigned default Subject domain based on general studies context; flagged for human review.,True,,
BPSC-Q-000590,2023,68th BPSC Prelims,GS Prelims,,E,,English,"ll""B�� (C) 3ltl:� � � t WW1ie1< (D) • ii -ii 1l;'n ""i! � · s. f.l1-1f<?tfurn i\ -ii 'li'r-1-m ,li\iH#t�q; �",4,68th bpsc pre.pdf,BPSC-SUB-01,"History, Art & Culture",0.78,two_pass_taxonomy_v1,Assigned default Subject domain based on general studies context; flagged for human review.,True,,
BPSC-Q-000591,2023,68th BPSC Prelims,GS Prelims,,E,,English,"-ii""B""�� . � ��514'pn.����i?",4,68th bpsc pre.pdf,BPSC-SUB-01,"History, Art & Culture",0.78,two_pass_taxonomy_v1,Assigned default Subject domain based on general studies context; flagged for human review.,True,,
BPSC-Q-000592,2023,68th BPSC Prelims,GS Prelims,,4,,English,"mR efn '5ITTRT� � -e � � li��lfl (A) iitit-� - cfil�lcfil '5fcf>R i � (B) 'ill�,-�� (A) 3ffio �o ""Bto (B) � · (C) �-3ffi�cfi (C) ffiJ-Cfil=Bl�l (D) � it ""B ""Q_cfi � � (D) • it�� ""B � (E) • it ""B"" � �",4,68th bpsc pre.pdf,BPSC-SUB-01,"History, Art & Culture",0.78,two_pass_taxonomy_v1,Assigned default Subject domain based on general studies context; flagged for human review.,True,,
BPSC-Q-000593,2023,68th BPSC Prelims,GS Prelims,,E,,English,"-ij ""B' ��. . 9. �� q;y5. � wfu cfiT ,m=tci�,41 ��it f.t�R-tf?sta lt�� it ""B � � � � -cfi) Pt�R-if©a �-m cfi2H TR'@ i? ,��� -qf{qraa � t � � 7mm t? (A) lii�q�14f�mct>1 qQTT���I (A)�� (B) Bi�9�14i � ll � cfi«ft t I (B) cfitfuT (Wt) (C) � � Bi�9�14i m-il, msa � mil m � t I (D) •it-a�-a � (E) • it ""B' � � 3 (C) w:ff� (D) • it� ""Q_cfi � � (E) ·-ij�""tfili� [ Contd (E)•-q��� �i�cffl�i",4,68th bpsc pre.pdf,BPSC-SUB-01,"History, Art & Culture",0.78,two_pass_taxonomy_v1,Assigned default Subject domain based on general studies context; flagged for human review.,True,,
BPSC-Q-000594,2023,68th BPSC Prelims,GS Prelims,,10,,English,A goalkeeper in a game of football pulls his hands backwards after holding the ball shot at the goal. This enables the goalkeeper to jl() decrease the rate of change of momentum (B) exert large force on the ball (C) increase the force exerted by the ball (A) Cathode ray (B) Beta ray y> Alpha ray !!moo (D) More than one of the above (E) None of the above,5,68th bpsc pre.pdf,BPSC-SUB-01,"History, Art & Culture",0.78,two_pass_taxonomy_v1,Assigned default Subject domain based on general studies context; flagged for human review.,True,,
BPSC-Q-000595,2023,68th BPSC Prelims,GS Prelims,,12,,English,Centripetal force is responsible to (A) independent motion of the object in space v (B) keep the body moving along the circular path✓ (C) fly the object along a straight line A More than one of the above (E) None of the above 02/FH/CC/PT-2023/144-B 4,5,68th bpsc pre.pdf,BPSC-SUB-01,"History, Art & Culture",0.78,two_pass_taxonomy_v1,Assigned default Subject domain based on general studies context; flagged for human review.,True,,
BPSC-Q-000596,2023,68th BPSC Prelims,GS Prelims,,13,,English,"Which of the following energy changes involves frictional force? J,I'{) Kinetic energy to heat energy (B) Potential energy to sound energy (C) Chemical energy to heat energy (D) More than one of the above (E) None of the above",5,68th bpsc pre.pdf,BPSC-SUB-01,"History, Art & Culture",0.78,two_pass_taxonomy_v1,Assigned default Subject domain based on general studies context; flagged for human review.,True,,
BPSC-Q-000597,2023,68th BPSC Prelims,GS Prelims,,14,,English,A bus is moving along a straight path and takes a sharp tum to the right side suddenly. The passengers sitting in the bus will (A) bent towards right side (B) fall in the forward direction -.JC) bent towards left side (D) More than one of the above (E) None of the above,5,68th bpsc pre.pdf,BPSC-SUB-01,"History, Art & Culture",0.78,two_pass_taxonomy_v1,Assigned default Subject domain based on general studies context; flagged for human review.,True,,
BPSC-Q-000599,2023,68th BPSC Prelims,GS Prelims,,11,,English,Which among the following is a positively element?,5,68th bpsc pre.pdf,BPSC-SUB-01,"History, Art & Culture",0.78,two_pass_taxonomy_v1,Assigned default Subject domain based on general studies context; flagged for human review.,True,,
BPSC-Q-000600,2023,68th BPSC Prelims,GS Prelims,,31,7,English,"� 'DIARY' � 31� � � � � Wfiij t, � � 3l� ""ID en ':{1 �7 � 34. M c[c! 'TT'fl it� FASTER cfil 2229212319 � � 3ITT MONK cfi1 15161412 � t, o1 GUIDE cfil � 'TT'fl it��?(A) 24 (B) 5 (C) 10 (D) �if���� (E) �if��� (A) 66 (B) 56 (C) 77 44 52 58 49 37 ? 41 35 53 (D) �-ij���� (E) �it���",12,68th bpsc pre.pdf,BPSC-SUB-01,"History, Art & Culture",0.78,two_pass_taxonomy_v1,Assigned default Subject domain based on general studies context; flagged for human review.,True,,
BPSC-Q-000601,2023,68th BPSC Prelims,GS Prelims,,33,6,English,"�ll{�it��<fil���Wt ���: (A) 428 (B) 322 (C) 368 15, 20, 32, 62, 118, 248, ? - (A) 192019423 (B) 212219523 (C) 222119522 (A) 10, 3 (B) 5, 6 (C) 2, 15 (A) r380 (B) r 400 (0) �it���� (E) �-ij��� (D) �-ij��� � (E) �-ij�cfiff� 02/FHJCC/PT-2023/144B 11 [ Contd.",12,68th bpsc pre.pdf,BPSC-SUB-01,"History, Art & Culture",0.78,two_pass_taxonomy_v1,Assigned default Subject domain based on general studies context; flagged for human review.,True,,
BPSC-Q-000602,2023,68th BPSC Prelims,GS Prelims,,37,,English,Arrange the following words in logical and meaningful order :,13,68th bpsc pre.pdf,BPSC-SUB-01,"History, Art & Culture",0.78,two_pass_taxonomy_v1,Assigned default Subject domain based on general studies context; flagged for human review.,True,,
BPSC-Q-000605,2023,68th BPSC Prelims,GS Prelims,,3,,English,Speaker,13,68th bpsc pre.pdf,BPSC-SUB-01,"History, Art & Culture",0.78,two_pass_taxonomy_v1,Assigned default Subject domain based on general studies context; flagged for human review.,True,,
BPSC-Q-000606,2023,68th BPSC Prelims,GS Prelims,,4,,English,Prime Minister,13,68th bpsc pre.pdf,BPSC-SUB-01,"History, Art & Culture",0.78,two_pass_taxonomy_v1,Assigned default Subject domain based on general studies context; flagged for human review.,True,,
BPSC-Q-000608,2023,68th BPSC Prelims,GS Prelims,,38,12,English,Reshma donates one-fourth of her property to a charity organization and divides the remaining property equally among her three children. The part of property each child gets is (A) half ✓i one-fourth (C) two-thirds (D) More than one of the above (E) None of the above 02/FH/CC/PT-2023/144-B 12,13,68th bpsc pre.pdf,BPSC-SUB-01,"History, Art & Culture",0.78,two_pass_taxonomy_v1,Assigned default Subject domain based on general studies context; flagged for human review.,True,,
BPSC-Q-000609,2023,68th BPSC Prelims,GS Prelims,,39,,English,Which of the following statements is false? � Every square is a rhombus. � Every square is a rectangle. • \ (C) Every rhombus is a parallelogram. than one of the above (E) None of the above,13,68th bpsc pre.pdf,BPSC-SUB-01,"History, Art & Culture",0.78,two_pass_taxonomy_v1,Assigned default Subject domain based on general studies context; flagged for human review.,True,,
BPSC-Q-000610,2023,68th BPSC Prelims,GS Prelims,,40,,English,"In a family of some persons, B says that R is the daughter of my sister A, who is the only daughter of T. Xis the child of T and Z, who is the grandmother of H. K is the mother of M, who is the only sister of H. X is unmarried. If S is the spouse of A, how is K related to S? (B) Sister-in-law (C) Wife of brother-in-law (D) More than one of the above (E) None of the above [ Contd",13,68th bpsc pre.pdf,BPSC-SUB-01,"History, Art & Culture",0.78,two_pass_taxonomy_v1,Assigned default Subject domain based on general studies context; flagged for human review.,True,,
BPSC-Q-000611,2023,68th BPSC Prelims,GS Prelims,,4,,Unknown,�,14,68th bpsc pre.pdf,BPSC-SUB-01,"History, Art & Culture",0.78,two_pass_taxonomy_v1,Assigned default Subject domain based on general studies context; flagged for human review.,True,,
BPSC-Q-000612,2023,68th BPSC Prelims,GS Prelims,,5,,English,"llmG (A) 5, 1, 2, 3, 4 (B) 4, 2, 1, 3, 5 (C) 2, l, 4, 3, 5 (D) � i\ � � � 3lm (E) �i\""Qm�",14,68th bpsc pre.pdf,BPSC-SUB-01,"History, Art & Culture",0.78,two_pass_taxonomy_v1,Assigned default Subject domain based on general studies context; flagged for human review.,True,,
BPSC-Q-000613,2023,68th BPSC Prelims,GS Prelims,,38,,English,"win 3N-ft � cfiT �-�mf ""1% �e.i W'1o-f <f,1 � t � � � � cb1 311R ""flR � -q emeR amcft ti�� cpl�� ffl ""<liPWT t (A) 3l1tn",14,68th bpsc pre.pdf,BPSC-SUB-01,"History, Art & Culture",0.78,two_pass_taxonomy_v1,Assigned default Subject domain based on general studies context; flagged for human review.,True,,
BPSC-Q-000614,2023,68th BPSC Prelims,GS Prelims,,40,,English,"� � � 1% ""9'ftcm i\ B � t � R '¾ � A <fi1 � t, � T <fi1 �cf>��dl � �I X, T 31tt Z cfil t-rnR t, � H � Glcft/-;n:ft t I K, M cfi1 l{f t, \ifl H � �cfi�1e11 � t1 X ��cll�o t I � S, A � ,:if\c1.:m1� t, 'd1 K cfiT s��""5rcf>Rcfil��t? (B) 'Q;cfi-�� ( C ) Gl-� ( C ) ....w,�""1@1 <f;l '«'ft (D) �i\�l%""Q� (D) �i\���� (E) �i\��� 02/FHJCC/PT-2023/144B 13 [ Contd.",14,68th bpsc pre.pdf,BPSC-SUB-01,"History, Art & Culture",0.78,two_pass_taxonomy_v1,Assigned default Subject domain based on general studies context; flagged for human review.,True,,
BPSC-Q-000615,2023,68th BPSC Prelims,GS Prelims,,0,,English,"� ;::;· ':T 0 ;:,:_ mz (/) n QI :::J ::I (I)",21,68th bpsc pre.pdf,BPSC-SUB-01,"History, Art & Culture",0.78,two_pass_taxonomy_v1,Assigned default Subject domain based on general studies context; flagged for human review.,True,,
BPSC-Q-000616,2023,68th BPSC Prelims,GS Prelims,,59,,English,Match List-I with List-II : List-I List-II a. Grey Revolution l. Onion production b. c. d. Pink Revolution 2. Tomato and meat °II production Silver Revolutiolf) 3. Production of eggs Red Revolution 4. Fertilizers (A) a b C d I 4 2 3 �a b C d 4 1 3 2 (C) a b C d 3 1 4 2 (D) More than one of the above (E) None of the above,21,68th bpsc pre.pdf,BPSC-SUB-01,"History, Art & Culture",0.78,two_pass_taxonomy_v1,Assigned default Subject domain based on general studies context; flagged for human review.,True,,
BPSC-Q-000617,2023,68th BPSC Prelims,GS Prelims,,60,,English,Which of the following Five-Year Plans was focussed on Human Resource Development? (A) Fifth (B) First (C) Third (D) More than one of the above $) None of the above,21,68th bpsc pre.pdf,BPSC-SUB-01,"History, Art & Culture",0.78,two_pass_taxonomy_v1,Assigned default Subject domain based on general studies context; flagged for human review.,True,,
BPSC-Q-000618,2023,68th BPSC Prelims,GS Prelims,,61,,English,_ Which of the following States of India received the highest Foreign Direct Invt:stment (FOi) equity flow during April to September 2022? ._JA) Gujarat (B) Kamataka (C) Tripura (D) More than one of the above (E) None of the above 02/FH/CC/PT-2023/144-B,21,68th bpsc pre.pdf,BPSC-SUB-01,"History, Art & Culture",0.78,two_pass_taxonomy_v1,Assigned default Subject domain based on general studies context; flagged for human review.,True,,
BPSC-Q-000619,2023,68th BPSC Prelims,GS Prelims,,62,,English,"In which budget did the Finance Minister announce the Liberalized Exchange Rate Management System? (A) Union Budget, 1993-1994 \(B) Union Budget, 1991-1992 (C) Union Budget, 1992-1993 (D) More than one of the above (E) None of the above",21,68th bpsc pre.pdf,BPSC-SUB-01,"History, Art & Culture",0.78,two_pass_taxonomy_v1,Assigned default Subject domain based on general studies context; flagged for human review.,True,,
BPSC-Q-000620,2023,68th BPSC Prelims,GS Prelims,,63,,English,. Which of the following were goals of the Five-Year Plans?,21,68th bpsc pre.pdf,BPSC-SUB-01,"History, Art & Culture",0.78,two_pass_taxonomy_v1,Assigned default Subject domain based on general studies context; flagged for human review.,True,,
BPSC-Q-000621,2023,68th BPSC Prelims,GS Prelims,,1,,English,Growth,21,68th bpsc pre.pdf,BPSC-SUB-01,"History, Art & Culture",0.78,two_pass_taxonomy_v1,Assigned default Subject domain based on general studies context; flagged for human review.,True,,
BPSC-Q-000622,2023,68th BPSC Prelims,GS Prelims,,2,,English,Modernization,21,68th bpsc pre.pdf,BPSC-SUB-01,"History, Art & Culture",0.78,two_pass_taxonomy_v1,Assigned default Subject domain based on general studies context; flagged for human review.,True,,
BPSC-Q-000623,2023,68th BPSC Prelims,GS Prelims,,3,,English,Self-reliance,21,68th bpsc pre.pdf,BPSC-SUB-01,"History, Art & Culture",0.78,two_pass_taxonomy_v1,Assigned default Subject domain based on general studies context; flagged for human review.,True,,
BPSC-Q-000624,2023,68th BPSC Prelims,GS Prelims,,4,,English,"LiteratureX (A) 1, 2 and 4 only (B) 1, 3 and 4 only (C) 2, 3 and 4 only (D) More than one of the above �) None of the above",21,68th bpsc pre.pdf,BPSC-SUB-01,"History, Art & Culture",0.78,two_pass_taxonomy_v1,Assigned default Subject domain based on general studies context; flagged for human review.,True,,
BPSC-Q-000626,2023,68th BPSC Prelims,GS Prelims,,65,,English,The trade balance of India (merchandise and services) for December 2022 (provisional) is \):A) (-) 11 ·98 USD billion (B) (-) 10·50 USO billion (C) (+) 11 ·98 USO billion (D) More than one of the above (E) None of the above 20 [ Contd.,21,68th bpsc pre.pdf,BPSC-SUB-01,"History, Art & Culture",0.78,two_pass_taxonomy_v1,Assigned default Subject domain based on general studies context; flagged for human review.,True,,
